-- MariaDB dump 10.17  Distrib 10.4.15-MariaDB, for Linux (x86_64)
--
-- Host: mysql.hostinger.ro    Database: u574849695_22
-- ------------------------------------------------------
-- Server version	10.4.15-MariaDB-cll-lve

/*!40101 SET @OLD_CHARACTER_SET_CLIENT=@@CHARACTER_SET_CLIENT */;
/*!40101 SET @OLD_CHARACTER_SET_RESULTS=@@CHARACTER_SET_RESULTS */;
/*!40101 SET @OLD_COLLATION_CONNECTION=@@COLLATION_CONNECTION */;
/*!40101 SET NAMES utf8mb4 */;
/*!40103 SET @OLD_TIME_ZONE=@@TIME_ZONE */;
/*!40103 SET TIME_ZONE='+00:00' */;
/*!40014 SET @OLD_UNIQUE_CHECKS=@@UNIQUE_CHECKS, UNIQUE_CHECKS=0 */;
/*!40014 SET @OLD_FOREIGN_KEY_CHECKS=@@FOREIGN_KEY_CHECKS, FOREIGN_KEY_CHECKS=0 */;
/*!40101 SET @OLD_SQL_MODE=@@SQL_MODE, SQL_MODE='NO_AUTO_VALUE_ON_ZERO' */;
/*!40111 SET @OLD_SQL_NOTES=@@SQL_NOTES, SQL_NOTES=0 */;

--
-- Table structure for table `communities`
--

DROP TABLE IF EXISTS `communities`;
/*!40101 SET @saved_cs_client     = @@character_set_client */;
/*!40101 SET character_set_client = utf8 */;
CREATE TABLE `communities` (
  `id` bigint(20) unsigned NOT NULL AUTO_INCREMENT,
  `name` varchar(150) COLLATE utf8mb4_unicode_ci DEFAULT NULL,
  `admin_user_id` bigint(20) unsigned NOT NULL,
  UNIQUE KEY `id` (`id`),
  KEY `communities_name_idx` (`name`),
  KEY `admin_user_id` (`admin_user_id`),
  CONSTRAINT `communities_ibfk_1` FOREIGN KEY (`admin_user_id`) REFERENCES `users` (`id`)
) ENGINE=InnoDB AUTO_INCREMENT=81 DEFAULT CHARSET=utf8mb4 COLLATE=utf8mb4_unicode_ci;
/*!40101 SET character_set_client = @saved_cs_client */;

--
-- Dumping data for table `communities`
--

LOCK TABLES `communities` WRITE;
/*!40000 ALTER TABLE `communities` DISABLE KEYS */;
INSERT INTO `communities` VALUES (1,'quia',101),(2,'non',102),(3,'quidem',103),(4,'qui',104),(5,'fugiat',105),(6,'sequi',107),(7,'illum',110),(8,'temporibus',111),(9,'eos',112),(10,'quidem',116),(11,'enim',117),(12,'laboriosam',118),(13,'veniam',119),(14,'ratione',121),(15,'veritatis',122),(16,'beatae',124),(17,'eos',125),(18,'earum',130),(19,'et',131),(20,'voluptas',132),(21,'ut',133),(22,'assumenda',134),(23,'praesentium',135),(24,'quis',136),(25,'commodi',139),(26,'officia',144),(27,'cum',145),(28,'provident',147),(29,'molestiae',149),(30,'ipsum',150),(31,'nihil',155),(32,'qui',156),(33,'hic',157),(34,'corrupti',158),(35,'harum',159),(36,'facilis',160),(37,'magnam',161),(38,'omnis',162),(39,'fuga',163),(40,'fuga',164),(41,'quas',167),(42,'laudantium',168),(43,'voluptas',169),(44,'voluptatum',170),(45,'quo',171),(46,'sunt',173),(47,'rem',177),(48,'architecto',178),(49,'illo',179),(50,'dicta',180),(51,'dignissimos',181),(52,'asperiores',183),(53,'officia',184),(54,'sint',192),(55,'possimus',193),(56,'deserunt',195),(57,'omnis',198),(58,'alias',199),(59,'mollitia',200),(60,'et',101),(61,'in',102),(62,'et',103),(63,'unde',104),(64,'soluta',105),(65,'repellendus',107),(66,'temporibus',110),(67,'quod',111),(68,'totam',112),(69,'officiis',116),(70,'itaque',117),(71,'repudiandae',118),(72,'debitis',119),(73,'repellat',121),(74,'quisquam',122),(75,'temporibus',124),(76,'saepe',125),(77,'sunt',130),(78,'molestias',131),(79,'illo',132),(80,'rem',133);
/*!40000 ALTER TABLE `communities` ENABLE KEYS */;
UNLOCK TABLES;

--
-- Table structure for table `friend_requests`
--

DROP TABLE IF EXISTS `friend_requests`;
/*!40101 SET @saved_cs_client     = @@character_set_client */;
/*!40101 SET character_set_client = utf8 */;
CREATE TABLE `friend_requests` (
  `initiator_user_id` bigint(20) unsigned NOT NULL,
  `target_user_id` bigint(20) unsigned NOT NULL,
  `status` enum('requested','approved','declined','unfriended') COLLATE utf8mb4_unicode_ci DEFAULT NULL,
  `requested_at` datetime DEFAULT current_timestamp(),
  `updated_at` datetime DEFAULT NULL ON UPDATE current_timestamp(),
  PRIMARY KEY (`initiator_user_id`,`target_user_id`),
  KEY `target_user_id` (`target_user_id`),
  CONSTRAINT `friend_requests_ibfk_1` FOREIGN KEY (`initiator_user_id`) REFERENCES `users` (`id`),
  CONSTRAINT `friend_requests_ibfk_2` FOREIGN KEY (`target_user_id`) REFERENCES `users` (`id`)
) ENGINE=InnoDB DEFAULT CHARSET=utf8mb4 COLLATE=utf8mb4_unicode_ci;
/*!40101 SET character_set_client = @saved_cs_client */;

--
-- Dumping data for table `friend_requests`
--

LOCK TABLES `friend_requests` WRITE;
/*!40000 ALTER TABLE `friend_requests` DISABLE KEYS */;
INSERT INTO `friend_requests` VALUES (101,101,'requested','1970-09-28 18:04:30','2006-06-28 13:25:44'),(102,102,'approved','2019-03-22 08:06:02','2017-06-12 20:04:12'),(103,103,'approved','1996-07-14 13:44:32','1999-08-27 09:01:52'),(104,104,'declined','1981-05-17 11:20:18','1972-12-19 06:50:50'),(105,105,'requested','2019-10-19 20:12:09','2009-07-25 23:50:41'),(107,107,'approved','1986-05-15 23:58:49','1972-03-03 15:43:27'),(110,110,'requested','1995-04-22 12:18:47','1986-06-30 05:45:59'),(111,111,'requested','1976-12-13 14:45:26','2016-01-25 00:11:20'),(112,112,'approved','1987-01-13 03:12:43','2004-06-18 18:41:10'),(116,116,'requested','2000-05-24 20:39:13','1972-08-14 09:20:54'),(117,117,'approved','2019-04-29 04:08:50','1971-05-29 14:53:36'),(118,118,'unfriended','2009-09-27 05:35:17','1991-08-18 14:41:54'),(119,119,'requested','2004-08-24 02:39:43','2019-03-15 19:53:19'),(121,121,'requested','1993-05-12 08:06:15','1977-02-21 23:21:33'),(122,122,'requested','2006-10-10 12:54:24','1992-04-23 23:31:53'),(124,124,'requested','1984-08-25 13:40:43','1970-04-16 12:51:54'),(125,125,'requested','2003-01-24 11:55:52','1970-06-28 14:08:36'),(130,130,'unfriended','1996-05-18 21:52:37','1973-05-29 01:30:28'),(131,131,'requested','1993-05-16 08:16:55','2009-08-02 12:51:53'),(132,132,'unfriended','1979-09-20 18:45:21','2005-09-26 18:20:06'),(133,133,'declined','1993-10-31 05:15:24','1983-03-14 14:09:26'),(134,134,'approved','1985-03-25 15:56:59','1990-02-01 02:16:45'),(135,135,'approved','1999-05-15 14:28:07','2012-10-07 11:23:32'),(136,136,'unfriended','2010-05-10 09:37:05','2011-12-28 07:15:07'),(139,139,'unfriended','2015-06-10 21:29:04','1976-05-16 23:35:57'),(144,144,'approved','1991-06-02 23:16:14','2003-08-24 15:10:22'),(145,145,'requested','1977-06-16 00:30:31','1972-03-11 02:29:24'),(147,147,'requested','1982-12-30 07:54:02','2017-10-12 16:09:58'),(149,149,'approved','2005-09-01 15:43:16','2002-12-18 20:38:53'),(150,150,'requested','1984-09-01 23:58:59','2002-02-10 02:00:18'),(155,155,'unfriended','1998-03-21 16:51:11','2009-07-01 14:10:50'),(156,156,'unfriended','2015-01-16 18:49:46','2001-07-22 14:36:49'),(157,157,'requested','2021-04-27 02:39:11','1992-10-26 20:59:12'),(158,158,'requested','2001-11-26 02:39:43','2018-08-15 19:23:52'),(159,159,'unfriended','2001-05-08 12:32:36','2007-08-10 09:31:59'),(160,160,'approved','1998-03-10 07:54:44','2013-07-15 16:06:18'),(161,161,'requested','1996-01-05 17:20:38','1984-12-28 04:03:08'),(162,162,'declined','2011-04-12 08:49:58','2011-09-13 03:54:44'),(163,163,'declined','2016-05-23 20:25:55','1986-07-11 04:23:48'),(164,164,'approved','1993-01-14 03:53:39','2002-10-07 20:43:43'),(167,167,'declined','1995-03-25 18:54:54','1996-11-03 10:48:42'),(168,168,'requested','1972-04-19 23:17:34','1976-11-16 02:52:57'),(169,169,'unfriended','2015-06-14 01:41:49','1997-04-09 18:58:00'),(170,170,'requested','1992-05-25 14:45:44','1982-05-20 02:24:59'),(171,171,'approved','1985-02-11 10:14:32','1984-03-31 11:41:20'),(173,173,'approved','1980-09-25 22:07:48','1976-01-28 22:48:57'),(177,177,'requested','2008-10-10 21:39:22','2014-09-23 18:26:26'),(178,178,'unfriended','2001-09-20 00:16:31','1993-06-21 15:58:43'),(179,179,'approved','1976-01-19 21:32:03','1998-06-04 15:18:09'),(180,180,'declined','1974-03-29 08:13:56','1984-09-12 04:56:50'),(181,181,'requested','2019-05-28 19:50:21','1973-01-15 06:30:30'),(183,183,'approved','2020-08-05 21:27:28','1973-06-19 22:07:39'),(184,184,'unfriended','2010-08-20 00:58:54','2003-05-27 10:31:59'),(192,192,'approved','1991-01-25 13:06:07','1979-12-04 15:38:40'),(193,193,'approved','1983-09-12 08:04:03','1994-05-25 12:02:34'),(195,195,'unfriended','1984-02-03 15:21:04','2021-01-16 07:44:03'),(198,198,'approved','1981-10-25 01:02:20','2011-02-11 21:06:33'),(199,199,'declined','1984-05-12 17:59:09','2004-12-16 18:56:22'),(200,200,'approved','1993-10-31 16:08:37','1973-10-14 18:18:36');
/*!40000 ALTER TABLE `friend_requests` ENABLE KEYS */;
UNLOCK TABLES;

--
-- Table structure for table `likes`
--

DROP TABLE IF EXISTS `likes`;
/*!40101 SET @saved_cs_client     = @@character_set_client */;
/*!40101 SET character_set_client = utf8 */;
CREATE TABLE `likes` (
  `id` bigint(20) unsigned NOT NULL AUTO_INCREMENT,
  `user_id` bigint(20) unsigned NOT NULL,
  `created_at` datetime DEFAULT current_timestamp(),
  UNIQUE KEY `id` (`id`)
) ENGINE=InnoDB AUTO_INCREMENT=101 DEFAULT CHARSET=utf8mb4 COLLATE=utf8mb4_unicode_ci;
/*!40101 SET character_set_client = @saved_cs_client */;

--
-- Dumping data for table `likes`
--

LOCK TABLES `likes` WRITE;
/*!40000 ALTER TABLE `likes` DISABLE KEYS */;
INSERT INTO `likes` VALUES (1,101,'2010-02-22 16:20:13'),(2,102,'1998-10-11 22:44:04'),(3,103,'2002-04-01 18:44:58'),(4,104,'2014-02-09 16:12:59'),(5,105,'1980-09-02 17:34:58'),(6,107,'1999-07-31 20:47:46'),(7,110,'1984-09-28 05:02:10'),(8,111,'2019-11-27 03:42:07'),(9,112,'1992-03-16 09:21:48'),(10,116,'1980-06-21 06:17:35'),(11,117,'2001-12-05 04:17:06'),(12,118,'2003-05-07 09:47:09'),(13,119,'2013-06-18 06:08:50'),(14,121,'1997-07-20 12:44:55'),(15,122,'1990-03-25 14:56:40'),(16,124,'1984-12-07 11:56:51'),(17,125,'2019-06-05 01:19:33'),(18,130,'2006-10-29 16:41:36'),(19,131,'2013-11-18 08:13:56'),(20,132,'1974-12-26 12:21:25'),(21,133,'2015-02-07 20:58:22'),(22,134,'2013-05-16 06:22:19'),(23,135,'1992-01-27 20:56:38'),(24,136,'1973-08-14 08:09:27'),(25,139,'1977-02-26 07:29:07'),(26,144,'1977-06-21 06:53:16'),(27,145,'2009-10-06 15:35:59'),(28,147,'1974-01-31 10:43:42'),(29,149,'1995-05-26 22:43:45'),(30,150,'2008-03-02 15:20:40'),(31,155,'1995-03-07 21:54:49'),(32,156,'1988-07-04 19:31:06'),(33,157,'1973-04-22 22:32:31'),(34,158,'1994-04-13 05:36:02'),(35,159,'1997-06-14 18:37:47'),(36,160,'1984-03-24 05:11:26'),(37,161,'1986-11-04 09:06:57'),(38,162,'1985-04-08 19:47:42'),(39,163,'1979-12-12 13:04:33'),(40,164,'1980-03-14 14:10:43'),(41,167,'1972-06-11 22:51:43'),(42,168,'1992-07-02 14:18:44'),(43,169,'2015-12-13 04:46:16'),(44,170,'1979-07-07 01:29:34'),(45,171,'2011-07-29 00:18:00'),(46,173,'1979-05-13 12:38:32'),(47,177,'2012-01-20 08:40:14'),(48,178,'1979-11-18 23:11:01'),(49,179,'2015-01-13 15:07:37'),(50,180,'1988-07-29 20:40:23'),(51,181,'1974-10-02 11:41:37'),(52,183,'1987-11-28 04:28:11'),(53,184,'2019-08-21 06:52:05'),(54,192,'1976-01-30 03:40:34'),(55,193,'1997-09-08 20:58:34'),(56,195,'1983-07-21 00:27:06'),(57,198,'2000-06-04 14:28:07'),(58,199,'1994-07-29 21:06:05'),(59,200,'2002-02-06 20:02:16'),(60,101,'2007-10-10 20:58:40'),(61,102,'2000-12-08 14:52:12'),(62,103,'1984-05-25 23:28:48'),(63,104,'2007-09-30 01:33:34'),(64,105,'1995-08-17 15:28:12'),(65,107,'1991-10-11 21:12:51'),(66,110,'2012-12-09 03:15:26'),(67,111,'2011-09-09 03:04:46'),(68,112,'1975-10-11 14:30:08'),(69,116,'1995-01-16 03:04:10'),(70,117,'1972-12-24 12:37:53'),(71,118,'2013-01-22 23:48:25'),(72,119,'1978-06-24 12:39:01'),(73,121,'2016-05-01 04:51:17'),(74,122,'1991-05-27 03:40:45'),(75,124,'1986-01-09 16:13:19'),(76,125,'1987-12-08 09:35:20'),(77,130,'1985-11-19 10:41:42'),(78,131,'1977-01-22 00:48:03'),(79,132,'1995-06-27 20:20:47'),(80,133,'2012-02-09 00:55:30'),(81,134,'1971-02-14 18:29:37'),(82,135,'1972-08-22 03:31:00'),(83,136,'1988-11-24 16:22:37'),(84,139,'2008-09-22 16:06:18'),(85,144,'2019-10-03 19:48:58'),(86,145,'2013-11-10 19:55:48'),(87,147,'2008-03-14 23:14:56'),(88,149,'1995-12-07 03:16:12'),(89,150,'1995-06-28 01:20:44'),(90,155,'1993-10-27 09:42:47'),(91,156,'2011-09-26 03:26:37'),(92,157,'1996-11-14 00:42:40'),(93,158,'1998-12-16 08:48:51'),(94,159,'2001-04-10 15:10:00'),(95,160,'1987-10-20 12:37:12'),(96,161,'1982-10-21 23:51:04'),(97,162,'2002-05-10 11:23:47'),(98,163,'1986-07-22 03:01:40'),(99,164,'1985-01-30 19:59:00'),(100,167,'1974-03-01 23:40:56');
/*!40000 ALTER TABLE `likes` ENABLE KEYS */;
UNLOCK TABLES;

--
-- Table structure for table `likes_objects`
--

DROP TABLE IF EXISTS `likes_objects`;
/*!40101 SET @saved_cs_client     = @@character_set_client */;
/*!40101 SET character_set_client = utf8 */;
CREATE TABLE `likes_objects` (
  `id` bigint(20) unsigned NOT NULL AUTO_INCREMENT,
  `like_id` bigint(20) unsigned NOT NULL,
  `message_id` bigint(20) unsigned DEFAULT NULL,
  `media_id` bigint(20) unsigned DEFAULT NULL,
  `user_id` bigint(20) unsigned DEFAULT NULL,
  PRIMARY KEY (`like_id`),
  UNIQUE KEY `id` (`id`),
  UNIQUE KEY `like_id` (`like_id`),
  KEY `user_id` (`user_id`),
  KEY `media_id` (`media_id`),
  KEY `message_id` (`message_id`),
  CONSTRAINT `likes_objects_ibfk_1` FOREIGN KEY (`like_id`) REFERENCES `likes` (`id`),
  CONSTRAINT `likes_objects_ibfk_2` FOREIGN KEY (`user_id`) REFERENCES `users` (`id`),
  CONSTRAINT `likes_objects_ibfk_3` FOREIGN KEY (`media_id`) REFERENCES `media` (`id`),
  CONSTRAINT `likes_objects_ibfk_4` FOREIGN KEY (`message_id`) REFERENCES `messages` (`id`)
) ENGINE=InnoDB AUTO_INCREMENT=101 DEFAULT CHARSET=utf8mb4 COLLATE=utf8mb4_unicode_ci;
/*!40101 SET character_set_client = @saved_cs_client */;

--
-- Dumping data for table `likes_objects`
--

LOCK TABLES `likes_objects` WRITE;
/*!40000 ALTER TABLE `likes_objects` DISABLE KEYS */;
INSERT INTO `likes_objects` VALUES (1,1,1,1,101),(2,2,2,2,102),(3,3,3,3,103),(4,4,4,4,104),(5,5,5,5,105),(6,6,6,6,107),(7,7,7,7,110),(8,8,8,8,111),(9,9,9,9,112),(10,10,10,10,116),(11,11,11,11,117),(12,12,12,12,118),(13,13,13,13,119),(14,14,14,14,121),(15,15,15,15,122),(16,16,16,16,124),(17,17,17,17,125),(18,18,18,18,130),(19,19,19,19,131),(20,20,20,20,132),(21,21,21,21,133),(22,22,22,22,134),(23,23,23,23,135),(24,24,24,24,136),(25,25,25,25,139),(26,26,26,26,144),(27,27,27,27,145),(28,28,28,28,147),(29,29,29,29,149),(30,30,30,30,150),(31,31,31,31,155),(32,32,32,32,156),(33,33,33,33,157),(34,34,34,34,158),(35,35,35,35,159),(36,36,36,36,160),(37,37,37,37,161),(38,38,38,38,162),(39,39,39,39,163),(40,40,40,40,164),(41,41,41,41,167),(42,42,42,42,168),(43,43,43,43,169),(44,44,44,44,170),(45,45,45,45,171),(46,46,46,46,173),(47,47,47,47,177),(48,48,48,48,178),(49,49,49,49,179),(50,50,50,50,180),(51,51,51,51,181),(52,52,52,52,183),(53,53,53,53,184),(54,54,54,54,192),(55,55,55,55,193),(56,56,56,56,195),(57,57,57,57,198),(58,58,58,58,199),(59,59,59,59,200),(60,60,60,60,101),(61,61,61,61,102),(62,62,62,62,103),(63,63,63,63,104),(64,64,64,64,105),(65,65,65,65,107),(66,66,66,66,110),(67,67,67,67,111),(68,68,68,68,112),(69,69,69,69,116),(70,70,70,70,117),(71,71,71,71,118),(72,72,72,72,119),(73,73,73,73,121),(74,74,74,74,122),(75,75,75,75,124),(76,76,76,76,125),(77,77,77,77,130),(78,78,78,78,131),(79,79,79,79,132),(80,80,80,80,133),(81,81,81,81,134),(82,82,82,82,135),(83,83,83,83,136),(84,84,84,84,139),(85,85,85,85,144),(86,86,86,86,145),(87,87,87,87,147),(88,88,88,88,149),(89,89,89,89,150),(90,90,90,90,155),(91,91,91,91,156),(92,92,92,92,157),(93,93,93,93,158),(94,94,94,94,159),(95,95,95,95,160),(96,96,96,96,161),(97,97,97,97,162),(98,98,98,98,163),(99,99,99,99,164),(100,100,100,100,167);
/*!40000 ALTER TABLE `likes_objects` ENABLE KEYS */;
UNLOCK TABLES;

--
-- Table structure for table `media`
--

DROP TABLE IF EXISTS `media`;
/*!40101 SET @saved_cs_client     = @@character_set_client */;
/*!40101 SET character_set_client = utf8 */;
CREATE TABLE `media` (
  `id` bigint(20) unsigned NOT NULL AUTO_INCREMENT,
  `media_type_id` bigint(20) unsigned NOT NULL,
  `user_id` bigint(20) unsigned NOT NULL,
  `body` text COLLATE utf8mb4_unicode_ci DEFAULT NULL,
  `filename` varchar(255) COLLATE utf8mb4_unicode_ci DEFAULT NULL,
  `size` int(11) DEFAULT NULL,
  `metadata` longtext CHARACTER SET utf8mb4 COLLATE utf8mb4_bin DEFAULT NULL CHECK (json_valid(`metadata`)),
  `created_at` datetime DEFAULT current_timestamp(),
  `updated_at` datetime DEFAULT NULL ON UPDATE current_timestamp(),
  UNIQUE KEY `id` (`id`),
  KEY `user_id` (`user_id`),
  KEY `media_type_id` (`media_type_id`),
  CONSTRAINT `media_ibfk_1` FOREIGN KEY (`user_id`) REFERENCES `users` (`id`),
  CONSTRAINT `media_ibfk_2` FOREIGN KEY (`media_type_id`) REFERENCES `media_types` (`id`)
) ENGINE=InnoDB AUTO_INCREMENT=101 DEFAULT CHARSET=utf8mb4 COLLATE=utf8mb4_unicode_ci;
/*!40101 SET character_set_client = @saved_cs_client */;

--
-- Dumping data for table `media`
--

LOCK TABLES `media` WRITE;
/*!40000 ALTER TABLE `media` DISABLE KEYS */;
INSERT INTO `media` VALUES (1,1,101,'Deleniti sint molestiae quisquam molestiae id ut. Nostrum quo animi impedit. Culpa eius ea quos facere.','voluptatem',0,NULL,'2018-01-27 10:20:16','2020-08-05 14:36:29'),(2,2,102,'Incidunt delectus quam est aut illo illo. Molestiae rerum sit nostrum id quia consequuntur et et. Hic praesentium et illum placeat repudiandae.','consectetur',3455546,NULL,'1992-05-18 02:16:59','2000-03-18 13:26:09'),(3,3,103,'Fugit consequatur velit voluptatem et reprehenderit. Quos pariatur et et est harum aut veniam necessitatibus. Quibusdam ea esse consectetur ratione.','fugiat',135,NULL,'2002-01-03 20:46:17','1986-11-11 03:37:28'),(4,4,104,'Quasi explicabo veniam est et sunt consequuntur in vel. Id quis eum asperiores sunt doloribus. Ullam dolores ipsa quos nemo ut.','non',4,NULL,'2001-10-15 15:52:31','2006-08-16 00:32:51'),(5,5,105,'Quo voluptatem recusandae facilis. Quia harum omnis tempora deserunt eaque. Autem cum sunt eum aut maiores. Corporis velit cumque omnis exercitationem.','cumque',9837,NULL,'2004-08-05 19:06:53','2004-05-29 13:39:11'),(6,6,107,'Earum ea sapiente officia ipsam maxime eos blanditiis. Rerum beatae enim sit ullam dolore. Est aut minus dolore suscipit iusto cupiditate beatae. Id aut voluptates debitis.','quia',740072060,NULL,'2008-04-30 05:18:16','1981-04-01 15:15:20'),(7,7,110,'Commodi possimus sint voluptatem et nobis a incidunt voluptatem. Rerum quos qui facilis voluptatem sequi. Doloremque dolor facilis vero dicta sapiente quam error.','reiciendis',5015661,NULL,'1991-06-23 16:16:32','1982-06-21 16:58:21'),(8,8,111,'Odio quibusdam molestiae vitae iure ut qui voluptatem sint. Magni et perferendis ut voluptas. Possimus sed adipisci nihil.','temporibus',91,NULL,'2010-06-15 09:14:12','2015-05-26 08:41:59'),(9,9,112,'Eius voluptatem fugit magni adipisci ut voluptate. Velit excepturi voluptas unde ducimus quas rem. Id et ut est vitae.','tempore',5960,NULL,'2017-02-03 09:32:23','1986-10-09 14:45:14'),(10,10,116,'Tempore quae occaecati aliquam. Et minima debitis inventore enim. Adipisci eius minus et ipsa. Commodi rerum praesentium ad odio labore cumque dolor.','ut',23,NULL,'2012-05-09 01:40:47','1971-05-30 00:57:00'),(11,11,117,'Omnis ullam doloremque commodi excepturi velit vitae doloremque. Ut enim laborum ad vitae fugit eum voluptatibus.','voluptatem',5154,NULL,'2019-09-09 09:02:12','1984-08-10 04:22:58'),(12,12,118,'Pariatur porro ducimus occaecati voluptatem a laborum magni. Inventore omnis fuga eum dolor.','maiores',76496,NULL,'1971-07-06 01:48:10','1975-09-22 23:09:41'),(13,13,119,'Eos officiis tempora quos sint eligendi ut voluptatem. Blanditiis laudantium est et perspiciatis ea. Maxime voluptate voluptas quia veniam est reiciendis aut. Tempore magnam ut quos dolorem earum itaque.','sint',433511162,NULL,'2004-02-22 23:52:16','1975-01-29 21:50:08'),(14,14,121,'Et eius repellendus nihil debitis ex sunt. Qui quisquam in et. Maiores consequatur vero consequuntur est neque.','assumenda',79,NULL,'1986-10-19 20:51:27','1998-09-07 07:34:31'),(15,15,122,'Sed sit saepe autem commodi. Voluptatum alias exercitationem et quasi beatae.','eum',0,NULL,'2020-12-03 16:16:57','1973-07-29 20:43:05'),(16,1,124,'Aliquam illum molestiae unde praesentium. Consequatur deleniti ut voluptatem dolores et quas libero qui. Et minima quasi sint ut et sequi provident. Autem et fuga et error.','ratione',0,NULL,'1972-06-15 09:59:56','1976-12-22 01:12:05'),(17,2,125,'Placeat omnis amet non deserunt. Quibusdam itaque dolor quia labore.','autem',0,NULL,'2016-02-11 08:27:49','1994-05-23 22:17:52'),(18,3,130,'Impedit beatae et veritatis sed nostrum eveniet et. Nisi rem accusantium sit aut consectetur non. Praesentium eum quam esse totam et maxime.','sint',0,NULL,'2017-08-29 21:22:23','1981-02-28 06:44:48'),(19,4,131,'Enim quidem omnis nesciunt perferendis voluptas repellat voluptatibus rerum. Aperiam aut molestiae velit adipisci sed. Ut tempora sint labore aut officiis qui. Deserunt ullam in consectetur dolores sint soluta.','occaecati',4467363,NULL,'2009-02-23 08:13:29','2003-07-29 05:38:54'),(20,5,132,'Eum distinctio aut dolore eum magni adipisci. Corrupti reprehenderit itaque distinctio nam est molestiae atque. Id exercitationem modi nemo quo deleniti porro sunt aperiam.','provident',118092,NULL,'2012-01-08 18:58:30','2002-03-03 04:14:53'),(21,6,133,'In ut quo vitae qui magni impedit dolore. Corporis in non itaque. Dolorem amet et similique in numquam cumque. Voluptate velit fuga quo dolorem ut.','dolorum',36862241,NULL,'1998-07-09 09:13:03','2005-08-21 03:29:31'),(22,7,134,'Ut quae aut veniam tempore. Ipsum atque voluptatem quis rerum est deleniti. Repellendus quod nihil sit est omnis velit. Ducimus et laudantium doloribus voluptates voluptas velit.','nobis',4137,NULL,'2019-07-19 22:07:02','1992-06-01 13:02:07'),(23,8,135,'Repellendus qui maxime quo ut in voluptas. Fugit mollitia quia delectus vitae dolor quis ducimus. Quia repellat quo quis totam reprehenderit ut eligendi. Recusandae perspiciatis et adipisci quo atque.','perferendis',519697,NULL,'2019-04-27 19:31:17','2008-08-10 05:30:22'),(24,9,136,'Recusandae aut enim vitae. Dolorum dolores rerum ipsum sed quibusdam quia nihil. Doloribus est quisquam et nesciunt dicta quia voluptatibus. Libero ut voluptatem quos dicta consequuntur enim saepe.','pariatur',97822705,NULL,'2018-02-19 11:21:42','1980-02-22 06:34:19'),(25,10,139,'Vero molestiae quis ex est nihil corporis. Repudiandae nobis aut autem quia quia. Sunt magni ut ipsam ea ratione voluptas voluptatem.','voluptatibus',6492,NULL,'1986-01-11 08:55:55','2015-09-10 01:20:48'),(26,11,144,'Illum natus dolores quod perspiciatis sint magni. Et dolorum dolor ut perspiciatis. Omnis voluptatem doloremque praesentium aut occaecati unde dignissimos.','facere',3067366,NULL,'1974-11-12 20:08:09','1981-08-09 17:05:48'),(27,12,145,'Aut praesentium esse eius unde. Id quo repellendus amet. Consequatur tempore fuga illum alias ipsam expedita. Ea cumque et aut sed dolor voluptatem.','quod',8,NULL,'1982-01-09 13:13:39','2004-11-07 22:44:07'),(28,13,147,'Saepe ducimus recusandae nemo error consequuntur nobis nobis. Aut doloribus rem aut veniam et laboriosam voluptatem non. Ullam occaecati sunt repellendus sit ea voluptatibus cupiditate maiores.','mollitia',10,NULL,'1999-05-11 09:02:41','1988-08-25 20:34:42'),(29,14,149,'Quis qui numquam illum iure qui quisquam totam. Tempore praesentium explicabo accusamus et ut autem. Incidunt fugit minus tempora molestiae.','doloribus',38328682,NULL,'1977-12-27 19:13:48','1981-09-01 05:05:32'),(30,15,150,'Repellendus aut deleniti veritatis id ut ut eum voluptatibus. Quaerat illo amet corrupti rerum.','quis',32884419,NULL,'1981-05-26 10:40:41','2011-01-27 22:06:40'),(31,1,155,'Eos dolore corrupti voluptas molestiae impedit totam error recusandae. Sequi id et saepe ipsum inventore placeat illo. Aut iure quis molestiae cum est. Aut laboriosam eos sequi sunt qui voluptate possimus.','autem',336078665,NULL,'2005-06-03 18:46:23','2011-04-10 10:19:34'),(32,2,156,'Autem et et libero. Dignissimos quae est minus. Quas est esse dolorem illo esse est.','aut',47261771,NULL,'1973-10-22 12:24:56','1970-07-21 04:27:33'),(33,3,157,'Cum doloremque ipsum molestiae consequuntur reiciendis. Iusto vel quis natus a. Quidem est quam sequi dolor aut. Fugiat ad ad modi voluptas. Laudantium asperiores et nam impedit.','et',832,NULL,'2021-05-14 20:25:56','1984-05-10 12:53:44'),(34,4,158,'Eum amet beatae harum. Vitae quia voluptas amet dolor voluptatibus.','omnis',60,NULL,'1978-07-04 18:45:23','1995-12-09 05:58:15'),(35,5,159,'Asperiores dignissimos iure dignissimos officiis minus ducimus. Nobis illo tempora nisi qui consequuntur. At et reprehenderit consequatur qui sint quia eos. Exercitationem ducimus cum ex rerum nam qui.','omnis',94295366,NULL,'2006-07-05 20:40:23','1997-09-02 18:24:08'),(36,6,160,'Et et id repellat hic et. Velit in dicta minima corporis aut distinctio expedita perferendis. Vel quo vitae hic suscipit et. Architecto asperiores perspiciatis et ex explicabo quo.','facilis',57,NULL,'2000-11-03 14:48:28','2018-11-29 08:32:25'),(37,7,161,'Ut et aut ut aut. Voluptas aut ea et voluptas. Sed corporis doloremque nostrum et quo ut voluptate.','porro',81,NULL,'1996-09-04 05:16:11','1994-12-26 13:08:52'),(38,8,162,'Aut culpa tempore doloremque. Reiciendis temporibus quod quo sint animi. Et rerum aut commodi quibusdam neque reprehenderit. Ea rerum iusto et sit illo.','tempora',2,NULL,'2004-03-14 12:42:19','1978-01-15 07:43:42'),(39,9,163,'Vel et reprehenderit saepe quo non. Enim mollitia in et natus dolor omnis. Vitae delectus quia assumenda iste et.','aperiam',184,NULL,'1998-03-22 15:13:48','1972-01-22 11:25:11'),(40,10,164,'Nostrum expedita sunt sed aliquam sit nisi quis. Illo id totam aut nemo dolorem. Est similique et excepturi in occaecati facere qui. Voluptas laborum officia non rerum molestiae eum. Cupiditate omnis eveniet nesciunt quia ab doloremque dolor.','perspiciatis',1071532,NULL,'1991-09-30 11:01:13','1986-11-06 04:12:10'),(41,11,167,'Possimus non quisquam omnis. Ducimus porro qui voluptatem ad. Quo ut error vel quibusdam voluptatem qui dicta. Aut dolore qui atque quia ad.','harum',8524,NULL,'1993-08-03 03:48:51','1971-09-23 02:38:28'),(42,12,168,'Nemo enim cumque dolore facere id ipsa veritatis. Nihil sapiente pariatur mollitia minus.','adipisci',38565729,NULL,'1977-04-15 16:38:15','1971-10-11 08:49:31'),(43,13,169,'Consequatur magnam eius nesciunt enim et. Et est et placeat rem. Et ut consequuntur consequatur eligendi nihil ut.','perspiciatis',714723,NULL,'1997-03-20 00:48:29','2020-06-02 11:28:05'),(44,14,170,'Veritatis sit blanditiis id voluptas id delectus reprehenderit. Id doloribus accusamus atque. Reprehenderit fuga consequuntur illo aliquam neque consequatur.','laborum',0,NULL,'2013-03-31 19:22:41','1974-02-14 08:29:14'),(45,15,171,'Nam sunt aut facilis ex ratione consequatur sit. Quia aspernatur recusandae earum explicabo soluta quaerat. Accusantium nihil eum occaecati earum rerum commodi architecto.','omnis',80,NULL,'1981-01-14 19:14:31','2015-12-01 09:13:29'),(46,1,173,'Tenetur facere nemo repudiandae quia saepe molestiae illo. Aut alias recusandae alias tenetur perspiciatis dolor omnis. Ipsum ipsam fugiat unde harum et similique eos.','hic',91150,NULL,'1995-02-06 23:24:56','1980-05-19 18:12:08'),(47,2,177,'Repellendus optio velit nihil. Dolores non enim voluptatem ea animi. Blanditiis commodi et eaque ut eum vel quia. Sit magnam quis et. Itaque ex cum enim repellendus voluptatem voluptas facere.','adipisci',6,NULL,'2018-03-07 02:35:22','2014-01-02 22:33:53'),(48,3,178,'Et expedita ipsam rerum veritatis est numquam. Officia ea cupiditate iusto illum est fugiat.','quod',30032,NULL,'2017-11-21 18:41:19','2019-11-08 04:04:12'),(49,4,179,'Enim quasi porro animi aut. Architecto nihil distinctio quo fugiat velit sunt. Ipsa non repellat sunt a ab provident deserunt.','pariatur',5316,NULL,'2000-01-04 17:29:29','2003-07-14 17:14:40'),(50,5,180,'Similique minus saepe nam libero et ratione. Vero sed non fugit nihil nulla natus voluptatem. Quo unde ducimus quis harum vero. Placeat officia odit explicabo natus et eos est.','dolor',566,NULL,'1984-04-28 01:16:27','2018-09-25 14:46:38'),(51,6,181,'Doloremque nulla eum fuga animi accusamus totam accusamus qui. Corporis fugiat aut dolorem. Dolor odit enim omnis praesentium velit molestias ea sit. Ut consequatur deleniti tenetur harum quod.','nostrum',82362106,NULL,'1984-12-24 22:41:18','1993-01-06 18:48:18'),(52,7,183,'Officia dolore architecto iure laborum praesentium. Cum commodi at eos. Dolorem illo enim autem at.','molestias',682469,NULL,'1996-06-27 13:28:20','1983-03-03 00:11:34'),(53,8,184,'Recusandae pariatur recusandae sunt tenetur placeat. Officia consequatur totam a ea maiores. Praesentium exercitationem vel ut laudantium atque. Vel ad omnis non mollitia dolores praesentium pariatur. Quo incidunt mollitia eveniet.','non',44411116,NULL,'2017-02-22 22:11:40','1980-09-25 14:36:54'),(54,9,192,'Voluptates autem esse modi et. Doloremque voluptatem in minus voluptate repellat.','quo',416660893,NULL,'2006-06-26 19:51:17','1982-05-31 10:26:50'),(55,10,193,'Rerum odit neque nesciunt est. Eum accusamus et harum quia. Commodi facere saepe sequi et aperiam omnis doloremque nisi. Sit corporis aut facere aut facere rerum animi.','non',68944719,NULL,'2017-07-08 01:03:12','2008-04-05 03:42:55'),(56,11,195,'Nobis commodi expedita voluptas ut consectetur ut. Explicabo sed odio suscipit exercitationem nostrum dicta.','ducimus',799,NULL,'1988-12-15 21:35:04','1990-09-02 00:39:30'),(57,12,198,'Ducimus cumque voluptatem esse enim tempora laboriosam. Voluptatibus impedit totam libero eum id. Molestiae debitis aut sed ut.','voluptatem',72241,NULL,'2002-02-14 04:16:31','2013-09-28 14:14:08'),(58,13,199,'Laudantium officia fugiat officiis velit. Quidem quisquam voluptatum odio. Voluptatibus ea voluptas reprehenderit et.','ipsum',8,NULL,'1974-10-11 01:53:40','2001-11-23 17:22:28'),(59,14,200,'Numquam consequuntur exercitationem eum natus. Laudantium est corrupti esse maxime eos.','eos',89,NULL,'1995-02-18 14:24:38','1988-09-30 09:51:48'),(60,15,101,'Et adipisci quidem veniam id non et. Quis non unde odit neque.','laboriosam',0,NULL,'1975-07-15 06:30:52','1999-02-08 02:07:12'),(61,1,102,'Libero provident sint alias et ex alias pariatur. Vitae tempore est vel assumenda. Debitis quidem eius ipsa fugit.','amet',3,NULL,'1990-11-30 06:58:36','2017-06-05 06:50:09'),(62,2,103,'Vel suscipit aut unde consequatur veritatis non provident. Et at et quae aut.','cumque',6820221,NULL,'1995-11-22 09:51:25','1980-04-12 09:37:18'),(63,3,104,'Eos voluptatum ipsum quia recusandae qui dolore. Maiores veniam veniam quibusdam est ut atque. Et veritatis sed incidunt. Omnis quas dolores et illum saepe veniam.','atque',75675416,NULL,'2006-04-28 19:46:16','2012-04-30 11:52:26'),(64,4,105,'Dolor ducimus beatae labore beatae ut ut sunt quis. Accusamus quis nulla doloribus veniam beatae id. Repellendus ea et perspiciatis fuga facere distinctio est. Rerum maxime saepe numquam hic sed. Quis minima odio quibusdam exercitationem quod quis.','recusandae',1947,NULL,'1990-10-08 02:14:29','1996-10-31 03:11:46'),(65,5,107,'Expedita itaque sequi labore in. Commodi voluptas ducimus vero. Illum veritatis sit rerum quia iusto. Consequatur et pariatur est qui non.','odio',782454,NULL,'2016-05-03 00:24:39','1973-03-11 17:30:46'),(66,6,110,'Eveniet aut laborum nulla aut odio quidem sit tenetur. Autem rerum et voluptatem laudantium harum. Voluptates dolores sint vero. Quam asperiores in aut doloremque in unde praesentium nam.','nobis',83704,NULL,'2015-08-03 11:29:58','1989-10-18 14:33:28'),(67,7,111,'Amet dolorum molestias velit temporibus est. Qui et molestiae voluptas sequi. Illo asperiores nemo ea quia perferendis exercitationem porro officiis. Vero omnis optio eum.','natus',91,NULL,'2001-07-05 18:00:33','1975-07-12 11:55:24'),(68,8,112,'Dolor quod quaerat laboriosam eum sit enim. Est accusantium unde nihil aspernatur. Quo nihil consequatur officia perferendis.','numquam',8693,NULL,'1972-11-06 03:35:53','1987-01-11 11:12:44'),(69,9,116,'Placeat rerum sequi atque ipsam. Numquam voluptatem qui et quis dicta. Eligendi quidem fugit aut.','sint',8,NULL,'1992-11-28 19:01:40','2016-01-29 06:16:32'),(70,10,117,'Excepturi officia quos eveniet. Necessitatibus deleniti consectetur vitae voluptate accusantium harum impedit. Optio qui cum tempora deleniti quia vitae quibusdam impedit. Harum sit qui asperiores animi.','et',60129507,NULL,'2005-07-03 11:16:56','2020-09-25 07:18:35'),(71,11,118,'Deserunt aut aliquid dolores corrupti dolores quo reprehenderit. Quis voluptas incidunt fugit accusamus.','eius',4,NULL,'1996-02-24 21:49:23','1997-10-29 20:18:58'),(72,12,119,'Placeat odit repellendus est. Quod similique eos nam asperiores quia. Quas aut culpa incidunt et voluptatem labore pariatur.','et',517,NULL,'2004-07-12 02:24:46','1978-02-23 14:11:12'),(73,13,121,'Optio at excepturi inventore accusamus sit doloremque molestiae adipisci. Aliquam aut hic est sequi impedit. Voluptatem asperiores sit minima nesciunt.','harum',877,NULL,'1985-12-29 06:53:13','2005-08-13 06:08:08'),(74,14,122,'Optio occaecati quisquam aut molestiae praesentium laudantium. At iste sunt dignissimos iure omnis nihil. Eveniet illum quis dolorum est nihil dolorem neque et.','dolor',704,NULL,'2006-02-06 11:09:45','2017-09-30 19:24:07'),(75,15,124,'Recusandae eveniet laudantium sint at ipsa repellat. Et nesciunt explicabo modi qui facere. Et similique placeat error iure quod eum ipsam. Occaecati et nulla sunt aliquam.','expedita',18,NULL,'2005-09-16 21:23:56','1998-07-18 18:55:48'),(76,1,125,'Fugit cupiditate facere placeat sit. Qui molestiae eum consequuntur nemo.','quae',230,NULL,'2001-02-09 08:48:52','2019-12-12 19:56:21'),(77,2,130,'Aperiam illo dolorem odit necessitatibus distinctio consequuntur. Pariatur laudantium aliquid provident quae sapiente repellendus. Quod dolorem voluptatem dolor esse.','necessitatibus',670503,NULL,'1976-02-13 18:37:24','2009-04-14 01:53:28'),(78,3,131,'Error assumenda illo at libero quia exercitationem et. Et doloremque mollitia placeat recusandae. Vel quasi magnam tempora. Omnis odit aut tempora et totam enim voluptatem. Qui atque in dolores veritatis.','delectus',176,NULL,'1995-05-29 06:37:55','1988-03-17 05:19:26'),(79,4,132,'Delectus dignissimos eos possimus non molestiae. Numquam id quis amet voluptatum ullam sed blanditiis. Optio consequatur qui qui soluta. Voluptas numquam dolorem enim voluptates consectetur et.','perspiciatis',91654332,NULL,'1976-01-19 15:04:47','2019-02-24 14:47:45'),(80,5,133,'Non voluptatem aut est ab. Voluptates voluptas fugiat quas ea quaerat dolor. Unde illo omnis non mollitia sequi earum. Cupiditate impedit a deleniti impedit sint quis voluptates.','voluptatum',33439,NULL,'1970-03-04 19:39:56','2013-08-05 00:29:09'),(81,6,134,'Doloremque velit ipsum aut totam. Maiores quos accusantium reprehenderit laboriosam optio nihil libero omnis. Harum labore voluptatem voluptatem ut. Fugit consequatur aut possimus repellendus.','qui',0,NULL,'1987-09-08 04:29:45','1991-05-06 19:07:35'),(82,7,135,'Non velit numquam aspernatur in voluptatibus rem. Debitis beatae sed voluptas suscipit dicta atque. Fugiat nemo rem ipsam doloribus beatae at reiciendis.','quis',0,NULL,'2003-09-02 01:38:58','2001-06-15 05:44:05'),(83,8,136,'Ducimus sunt cumque in aut beatae est. Ipsam ut porro optio labore. Quia et eaque et.','et',8,NULL,'1992-08-07 03:02:23','2007-05-03 08:26:22'),(84,9,139,'Est consequatur qui voluptatum. Unde dolorem et fugiat et molestiae. Et aliquam dolorem sed assumenda. Cupiditate odio asperiores vitae sapiente dolores nulla fugiat.','error',33,NULL,'1983-04-25 22:23:23','1997-09-15 17:47:06'),(85,10,144,'Veritatis sit et quis et. Doloribus ratione illum quod et. Animi sit neque eveniet unde id omnis et.','odit',96781829,NULL,'1981-06-07 23:08:10','1996-12-20 08:59:02'),(86,11,145,'Eaque saepe sint et eveniet soluta recusandae voluptate. Fugiat modi molestiae distinctio ab tempore qui. Officiis iure natus a aspernatur eum.','quidem',9,NULL,'2005-12-07 19:39:22','2009-04-02 08:12:08'),(87,12,147,'Perspiciatis est illum voluptatem unde sit fugit tempore. Minus laboriosam est quia et ratione est minus dicta. Autem voluptatibus occaecati beatae maiores. Reiciendis voluptate cumque aut ut aspernatur. Consequatur vel dolores incidunt alias.','id',53424,NULL,'2007-06-14 07:45:51','1985-05-03 16:14:37'),(88,13,149,'Optio voluptas perferendis et est. Nam et sit repellat. Quos fuga vero voluptas occaecati eligendi veniam. Maxime omnis voluptates et magni a veniam nam.','amet',82639,NULL,'2016-08-02 12:05:14','2008-08-14 01:12:42'),(89,14,150,'Sed optio id quas laborum qui dolorem. Sit magnam reiciendis consectetur iste. Quis non amet totam dolores eius voluptas veritatis.','tempora',98111,NULL,'2020-03-17 17:37:06','2005-12-29 13:33:55'),(90,15,155,'Minima illum eligendi expedita accusantium sunt. Unde facilis voluptas reiciendis ipsam consequatur debitis. Et dolores doloribus fugiat pariatur qui.','id',671,NULL,'2018-10-25 00:49:02','1979-02-26 14:22:06'),(91,1,156,'Inventore necessitatibus officia error ea vel iure explicabo. Quibusdam commodi esse minus laboriosam sit. Doloremque est deserunt occaecati et repudiandae facere.','inventore',64788585,NULL,'1976-03-03 04:07:15','1999-02-27 14:32:42'),(92,2,157,'Neque beatae tempore temporibus odit a et tempora voluptatem. Et tenetur ab tempore voluptatem beatae. Corrupti nisi placeat nisi omnis molestias facilis hic. Quasi ea omnis repudiandae facere qui at.','eum',0,NULL,'2020-11-23 05:04:11','2009-11-18 13:44:16'),(93,3,158,'Amet sit ut reprehenderit vel modi accusamus adipisci. Et quam et repudiandae.','neque',42,NULL,'2005-01-25 20:13:23','1991-05-07 21:06:21'),(94,4,159,'Doloribus quam voluptatem soluta est tempore quasi. Illo et minima aut dolorum voluptas hic tempora. Modi quo quidem minima minus. Consequatur officiis inventore enim reiciendis consequatur neque.','necessitatibus',4463250,NULL,'2000-08-17 06:58:35','1990-04-02 04:57:23'),(95,5,160,'Nisi excepturi qui dolorem amet quo dolor numquam quasi. Porro laborum sint eaque et dolore. Quas exercitationem earum eum accusantium ea sit consectetur distinctio.','eum',43245,NULL,'1999-06-04 03:36:44','1972-07-11 22:12:16'),(96,6,161,'Impedit hic aut consequatur omnis expedita. Est quas ea sapiente ut. Sit veritatis nesciunt et consequatur sed. Aut voluptatum nam ipsam sint nulla quo voluptatem.','consequuntur',4,NULL,'2005-01-10 04:44:07','1981-10-11 15:39:47'),(97,7,162,'Libero iure sit non ex non hic. Enim aut libero reprehenderit quidem. Tenetur maxime dolore illum nostrum unde. Ea reprehenderit quia molestiae voluptates iure.','rerum',246466579,NULL,'2020-05-24 08:40:06','2012-05-01 11:30:19'),(98,8,163,'Sit soluta dignissimos perferendis quod numquam necessitatibus. Qui id aut rem repudiandae. Est quisquam et consequatur et sed fugiat impedit. Voluptatem error ad dolorum molestiae eos a.','sapiente',78208875,NULL,'1984-04-04 01:30:31','1992-11-05 23:13:51'),(99,9,164,'Debitis architecto saepe omnis nostrum est neque et. Molestias velit omnis velit rerum et similique. Magni et omnis voluptates iure suscipit iusto quae. Et consequuntur molestiae maxime omnis tempora vel ipsa laboriosam.','assumenda',64,NULL,'1998-07-22 00:33:57','2007-02-01 19:52:10'),(100,10,167,'Dolores natus sint dicta amet aut sapiente autem. Est ut necessitatibus illum facilis et dolorem voluptatem. Sapiente nostrum et iusto nemo quo fuga. Nostrum aut porro laboriosam exercitationem optio.','adipisci',537491,NULL,'2000-08-07 09:38:24','1989-11-10 13:52:33');
/*!40000 ALTER TABLE `media` ENABLE KEYS */;
UNLOCK TABLES;

--
-- Table structure for table `media_types`
--

DROP TABLE IF EXISTS `media_types`;
/*!40101 SET @saved_cs_client     = @@character_set_client */;
/*!40101 SET character_set_client = utf8 */;
CREATE TABLE `media_types` (
  `id` bigint(20) unsigned NOT NULL AUTO_INCREMENT,
  `name` varchar(255) COLLATE utf8mb4_unicode_ci DEFAULT NULL,
  `created_at` datetime DEFAULT current_timestamp(),
  `updated_at` datetime DEFAULT NULL ON UPDATE current_timestamp(),
  UNIQUE KEY `id` (`id`)
) ENGINE=InnoDB AUTO_INCREMENT=16 DEFAULT CHARSET=utf8mb4 COLLATE=utf8mb4_unicode_ci;
/*!40101 SET character_set_client = @saved_cs_client */;

--
-- Dumping data for table `media_types`
--

LOCK TABLES `media_types` WRITE;
/*!40000 ALTER TABLE `media_types` DISABLE KEYS */;
INSERT INTO `media_types` VALUES (1,'similique','2013-08-10 12:50:42','1997-08-14 09:31:34'),(2,'cupiditate','2002-01-08 16:23:35','1981-04-19 06:48:54'),(3,'nobis','2019-07-20 19:51:37','1982-11-13 15:31:40'),(4,'delectus','2013-01-22 04:59:42','2017-09-27 02:58:52'),(5,'accusantium','2006-10-06 01:28:42','2021-03-19 23:18:47'),(6,'impedit','1987-08-15 18:45:59','2009-01-07 22:52:22'),(7,'ex','2004-12-01 05:17:59','2018-03-17 13:53:43'),(8,'aliquid','2002-11-28 12:04:39','1985-07-25 03:20:15'),(9,'deleniti','1992-07-07 23:27:17','1978-09-01 22:22:20'),(10,'non','1980-02-25 16:23:47','1975-07-08 01:07:56'),(11,'earum','1980-03-23 12:05:13','2014-01-23 13:35:17'),(12,'minus','2005-11-06 17:40:38','2014-10-12 15:40:35'),(13,'modi','1980-11-02 20:11:47','1982-04-06 15:23:45'),(14,'deleniti','1991-07-15 21:13:20','1977-06-21 04:40:25'),(15,'ipsum','2017-09-24 08:59:09','1994-09-25 06:28:28');
/*!40000 ALTER TABLE `media_types` ENABLE KEYS */;
UNLOCK TABLES;

--
-- Table structure for table `messages`
--

DROP TABLE IF EXISTS `messages`;
/*!40101 SET @saved_cs_client     = @@character_set_client */;
/*!40101 SET character_set_client = utf8 */;
CREATE TABLE `messages` (
  `id` bigint(20) unsigned NOT NULL AUTO_INCREMENT,
  `from_user_id` bigint(20) unsigned NOT NULL,
  `to_user_id` bigint(20) unsigned NOT NULL,
  `body` text COLLATE utf8mb4_unicode_ci DEFAULT NULL,
  `created_at` datetime DEFAULT current_timestamp(),
  UNIQUE KEY `id` (`id`),
  KEY `from_user_id` (`from_user_id`),
  KEY `to_user_id` (`to_user_id`),
  CONSTRAINT `messages_ibfk_1` FOREIGN KEY (`from_user_id`) REFERENCES `users` (`id`),
  CONSTRAINT `messages_ibfk_2` FOREIGN KEY (`to_user_id`) REFERENCES `users` (`id`)
) ENGINE=InnoDB AUTO_INCREMENT=101 DEFAULT CHARSET=utf8mb4 COLLATE=utf8mb4_unicode_ci;
/*!40101 SET character_set_client = @saved_cs_client */;

--
-- Dumping data for table `messages`
--

LOCK TABLES `messages` WRITE;
/*!40000 ALTER TABLE `messages` DISABLE KEYS */;
INSERT INTO `messages` VALUES (1,101,101,'Quis magnam perspiciatis dolor sapiente. Cupiditate sit dolore porro et. Nesciunt repellat modi quis molestias fugit eveniet est. Quo animi quidem libero sed.','1973-06-07 02:26:54'),(2,102,102,'Libero veniam corporis magnam laudantium. Esse et numquam repellat similique. Et amet iure veniam magnam.','1979-02-05 13:21:15'),(3,103,103,'Labore officia officiis quam consequatur ut. Aut illo et aspernatur sunt dolores est debitis. Voluptatibus nobis iste soluta est mollitia. Ut quasi non qui sed nemo distinctio omnis. Nulla omnis cumque sed porro.','1980-05-26 16:31:02'),(4,104,104,'Sit accusamus veritatis omnis fugiat est quaerat. Qui voluptatum rem repellendus consequatur non quisquam.','1994-07-13 19:53:24'),(5,105,105,'Aut et porro exercitationem minus expedita. Assumenda eaque temporibus aperiam molestiae ut aut. Maiores voluptas qui et cupiditate quaerat quo odit.','1996-05-17 18:07:21'),(6,107,107,'Omnis quia sit fugiat et adipisci recusandae nemo. Numquam laudantium similique itaque aut ipsum. Aspernatur non iste eum beatae.','2019-05-22 00:23:41'),(7,110,110,'Ut eius explicabo vero. Deleniti hic dolore voluptates et aut incidunt. Alias aut quia est possimus nam dolores.','2016-04-01 11:27:18'),(8,111,111,'Suscipit sequi alias voluptas alias numquam sit magni. Qui ratione sunt quisquam qui. Accusantium accusantium animi quo officiis perspiciatis. Soluta aut blanditiis consequatur dolor dolore ut.','2005-09-07 13:20:14'),(9,112,112,'Eligendi illo harum possimus quod voluptatibus. Autem quam quas atque libero. Consequatur vel eaque quibusdam voluptates dolorem non.','1996-07-19 18:37:45'),(10,116,116,'Molestiae hic dignissimos sed. Libero maxime voluptatibus voluptates voluptatibus unde non sunt. Minima ut non sit ut quia inventore.','1989-09-25 15:05:05'),(11,117,117,'Iste nihil quas sed dicta sed dignissimos voluptate. Maiores vel id consequatur consequatur. Possimus labore et minima velit tempora adipisci.','1991-04-25 16:09:25'),(12,118,118,'Accusamus minima dolorem id rem molestiae fugit labore qui. Fugit sunt aspernatur sed asperiores qui. A ut delectus officia mollitia voluptatibus provident. Dolorem suscipit qui et deleniti.','2013-06-24 10:46:54'),(13,119,119,'Possimus nihil et architecto doloribus velit rerum labore quia. Ipsam est aut veniam illo. Et et facere consequatur nemo necessitatibus rerum. Eos sed ipsam ratione asperiores.','1971-03-15 17:29:41'),(14,121,121,'Fugit similique facere distinctio odit reiciendis beatae. Totam voluptas quia est incidunt nemo voluptatem voluptas sequi. Dolorem impedit amet possimus vero ex. Quis enim reprehenderit et molestiae nisi.','2014-11-06 09:57:14'),(15,122,122,'Numquam ipsa nesciunt sunt est in voluptatum. Sed quam amet natus ea et. Vel voluptatum sit harum. Ipsum dolore aliquam consequatur iure.','1983-07-22 15:39:03'),(16,124,124,'Ut deserunt sit atque ipsam quia. Sint repudiandae neque nihil eaque. Ab perspiciatis ullam quis fugit tenetur ex rerum.','1992-01-09 00:38:49'),(17,125,125,'Sit suscipit asperiores cupiditate dignissimos. Eligendi qui laborum est numquam totam qui iure. Fugiat itaque inventore dolorum non sit. Et sint culpa eaque ad.','2019-02-25 06:20:40'),(18,130,130,'Dolorem commodi doloribus culpa qui maxime et. Laboriosam adipisci repudiandae sed quis laboriosam dicta pariatur. Distinctio saepe vel esse sint eum rerum.','2007-04-30 09:24:19'),(19,131,131,'Aliquid dolor consectetur eum. Commodi non ratione odio saepe. Vel et voluptatem et. Minima ipsam eaque velit eos expedita.','2006-03-16 00:07:09'),(20,132,132,'Laborum quos dolor quia architecto numquam et. Placeat officiis et dolorem aut et totam. Dicta aut cum molestias id aut quae corrupti. Sit nihil cupiditate sit nihil mollitia quia.','2001-12-22 23:52:16'),(21,133,133,'Repellendus vero tempore reiciendis a et eligendi hic. Aliquid dicta porro optio necessitatibus tenetur rerum quisquam. Accusamus quaerat delectus voluptatum cumque laboriosam est ut nihil.','2010-08-20 10:28:16'),(22,134,134,'Sed qui velit minus adipisci. Nemo qui voluptatum rem et ipsum sunt a. Id eius facilis perspiciatis exercitationem et eaque nihil.','2010-11-10 00:46:23'),(23,135,135,'Error repellendus velit eveniet. Enim asperiores iusto ducimus velit molestiae eius. Facilis a explicabo voluptas molestiae maiores.','1987-11-20 19:25:45'),(24,136,136,'Itaque et nostrum sit sit perspiciatis qui. Rerum sed fuga accusantium suscipit ut. Qui praesentium sed quaerat sit maiores dolor. Similique quibusdam placeat numquam molestiae.','1991-10-28 09:15:38'),(25,139,139,'Quibusdam consequuntur provident molestiae accusamus dicta. Enim aut molestiae dolor molestias. Ut et est suscipit. Qui qui accusantium facilis enim.','2001-10-16 05:46:21'),(26,144,144,'Repudiandae a ad pariatur quisquam incidunt qui. Sunt suscipit quo quia rerum qui inventore quas eos. Non quo voluptatem totam dolores. Autem dolor neque ut ut et reprehenderit. Odio neque sed dicta.','1971-02-23 05:50:23'),(27,145,145,'Fugit maxime velit est nemo ut. Doloribus ab aut illo doloremque. Aliquid atque explicabo iure dolorum rem reiciendis itaque.','2002-01-10 01:36:48'),(28,147,147,'Quia odit illo quisquam in ullam id accusantium. Perferendis eum ut dolor voluptas quisquam. Molestiae et voluptatem officia cupiditate ut molestias suscipit libero. Minus nostrum itaque in dolores et sint.','2015-03-16 20:49:29'),(29,149,149,'Provident voluptates quod ratione et harum ut. Molestias sed aut ex et et sequi adipisci. Aspernatur nostrum voluptas sunt dolor. Debitis velit nisi est odio corporis laudantium. Voluptas excepturi officiis harum.','2020-03-30 01:01:08'),(30,150,150,'Rerum autem consequatur dolorum et. Et accusantium et repellendus ab magnam natus nisi. Sint exercitationem perferendis itaque magnam quisquam et. Aperiam tenetur quos dolores rerum. Nisi possimus illo ducimus consequuntur velit.','2002-09-26 19:13:08'),(31,155,155,'Nam qui vel suscipit iure esse odio qui soluta. Dolorem porro ipsa qui tempore sit soluta qui. Aut dolor quod autem corrupti et.','1986-04-07 00:26:16'),(32,156,156,'Hic aliquid vel molestiae non maxime sit. Inventore ea quis ut natus enim suscipit. Enim incidunt neque natus in atque maxime.','2016-09-20 02:22:29'),(33,157,157,'Quo id officiis eligendi dolore aut. Est repudiandae doloremque iure quidem. Sit in aliquam eum soluta sint omnis minima. Repellat adipisci aspernatur molestias quia cumque.','1983-08-11 13:19:32'),(34,158,158,'Non architecto voluptates qui iste natus neque. Sed consequatur animi pariatur consequatur voluptates sint. Dicta amet at nemo eos. Veniam consequatur blanditiis et culpa.','2006-07-06 06:26:12'),(35,159,159,'Corrupti inventore et corporis explicabo aut et accusamus. Labore accusamus laudantium doloribus facilis voluptas voluptas quae.','2001-11-03 23:03:13'),(36,160,160,'Quod est veniam qui quam laboriosam voluptatum autem. Quaerat voluptates recusandae vel magni voluptatem praesentium. Voluptatem velit quam adipisci facere sint est.','1993-03-13 01:52:45'),(37,161,161,'Maxime quaerat voluptatem aut aut velit voluptas. Voluptas facilis ab consequatur laudantium dolores. Eius et ad ullam quam sequi error.','2016-07-10 13:55:29'),(38,162,162,'Quia amet nemo omnis ratione numquam. Atque sit eligendi eos ut illum voluptatem doloribus. Vel assumenda sit commodi animi sint dicta quo. Voluptate et voluptas accusamus tempore harum rem maxime.','1988-05-13 04:16:35'),(39,163,163,'Quas quibusdam eum reiciendis impedit aliquid. Alias recusandae modi perspiciatis esse voluptatem. Ex quia quam enim animi facere aliquam perferendis.','1979-01-09 06:00:24'),(40,164,164,'Nulla natus quia nisi et. Delectus vel architecto sint provident. Ea aut id fugiat ut perferendis laborum.','2006-10-25 22:46:19'),(41,167,167,'Odit ipsum officia quo vero esse. Dolorem unde itaque ex exercitationem. Ratione est qui tenetur dignissimos. Accusantium eaque ut maiores minima exercitationem repellendus.','2007-10-10 22:17:40'),(42,168,168,'In nulla molestias illum aut sint. Dignissimos laboriosam nobis ut atque vel aliquid. Impedit non voluptatem necessitatibus dolor quis. Provident placeat neque similique consequatur accusantium.','2004-12-01 13:27:45'),(43,169,169,'Est consequatur incidunt quo aperiam. Aspernatur distinctio in atque sit. Pariatur omnis quas dolor modi.','1974-11-30 15:21:53'),(44,170,170,'Doloribus et saepe voluptas aliquam. Rerum eos at error eum nam recusandae vitae sed. Dolore ullam sapiente et ipsa. Sunt molestiae totam itaque unde dolor qui accusantium.','2014-02-07 14:39:06'),(45,171,171,'Nesciunt esse cupiditate aperiam rerum quaerat et maxime. Ullam consequatur vel et veritatis voluptatibus consequatur. Eum aut fugiat sed rerum eius nesciunt est sint.','1984-06-13 23:04:51'),(46,173,173,'Officia et voluptatum harum recusandae et quidem placeat. Rem cupiditate quia voluptatem quibusdam. Enim ex qui asperiores vel tempora maxime aut.','1973-05-22 18:31:46'),(47,177,177,'Neque culpa est velit et fugit nihil aut necessitatibus. Nulla rerum voluptatem rerum rem ut blanditiis possimus. Sit minus sed temporibus odit ratione rerum aut.','2010-08-15 06:40:29'),(48,178,178,'Dolores aut facere nostrum voluptatem hic aperiam. Perspiciatis aspernatur voluptate dolores suscipit quisquam similique. Ad et vitae sed aut quibusdam fuga aut.','2010-05-15 08:20:51'),(49,179,179,'Est pariatur natus ab saepe totam consequatur. Magni esse praesentium esse est totam. Perspiciatis ipsam rem earum eos officiis nam.','1991-09-29 22:47:15'),(50,180,180,'Libero enim et qui dicta adipisci qui dignissimos. Qui voluptate iusto perspiciatis sequi. Deleniti et est corrupti sint iure maxime rem qui. Natus hic dolorem totam architecto cum quia quia.','1992-09-21 02:35:43'),(51,181,181,'Minima architecto ipsum velit assumenda et molestiae. Accusantium molestias voluptatum rerum fuga eum et sunt voluptatem. Minus qui nobis voluptate iste unde modi asperiores.','2013-07-27 02:45:06'),(52,183,183,'Qui quia rerum assumenda corporis. Et dolorem est est. Ut omnis est cum nostrum aut consectetur.','2010-05-23 14:08:29'),(53,184,184,'Suscipit qui facere in adipisci praesentium eos et. Alias libero quibusdam non cumque mollitia nemo consequatur. Accusamus fuga porro hic est sed libero aut.','1978-12-02 12:52:41'),(54,192,192,'Qui unde ipsam qui officia et adipisci nemo. Qui voluptatum nobis doloremque modi culpa veritatis. Repellat earum praesentium voluptates totam dolores nihil. Eum sint laborum voluptatem ea ut accusantium est molestiae.','1970-05-07 14:31:02'),(55,193,193,'Esse molestiae ullam quisquam necessitatibus. Explicabo optio voluptas consequuntur aut et fugiat. Minus iste excepturi quia fugiat non necessitatibus quia.','2019-06-01 22:00:31'),(56,195,195,'Fuga aut dignissimos fugiat cum deserunt est doloribus. Vel recusandae voluptatem ut dignissimos sint aut minus. Rerum velit natus velit voluptatem consectetur in. Dicta est provident eos excepturi.','1995-11-26 17:01:26'),(57,198,198,'Aperiam consequatur qui sunt recusandae aut eius quas qui. Aut blanditiis vitae qui voluptas dolor. Doloremque ratione blanditiis provident quis soluta qui.','1979-11-05 07:24:22'),(58,199,199,'Quis quae aut magni. Asperiores et laboriosam rerum consequatur dolor optio reprehenderit. Iure harum qui voluptatem et dolore expedita eum. Cum et rem et voluptates sed. Et quis veritatis laboriosam quas quidem ea.','1990-09-04 16:54:26'),(59,200,200,'Cum est nostrum reprehenderit alias. Eos error voluptatem magni delectus commodi. Dolorem odio veniam ullam rerum vel. Ut blanditiis praesentium omnis nulla velit ut laudantium.','2011-04-07 01:18:30'),(60,101,101,'Sint doloremque tempora odio sed omnis laborum eius pariatur. Consequatur molestiae ullam et minus iusto est. Praesentium error nihil quaerat voluptatem facere sit non.','1976-08-13 09:01:31'),(61,102,102,'Exercitationem est ducimus necessitatibus nemo vitae aut. Tempora sed et facilis. Animi aliquid beatae ipsa. Distinctio distinctio velit quod dolorem ab est iure.','2005-05-22 07:46:16'),(62,103,103,'Quia esse voluptate rem. Asperiores necessitatibus quia rerum officiis. Et et quaerat optio aut.','2009-11-11 07:12:45'),(63,104,104,'Quia mollitia eos sed ipsum fuga nemo. Asperiores numquam eos commodi aut nam qui numquam. Rerum veniam pariatur minima possimus. Molestias fugiat qui culpa architecto commodi eaque quaerat.','2004-03-14 18:49:44'),(64,105,105,'Aliquam consequatur distinctio nobis cum deleniti aut fuga. Ut magnam eum occaecati. Nesciunt nostrum quidem non molestiae ex id.','1987-02-24 14:24:02'),(65,107,107,'Eos pariatur quod aperiam autem quia perspiciatis nulla. Ullam itaque dolores omnis velit. Nihil odit odit est.','2005-03-23 16:20:41'),(66,110,110,'Consequatur non voluptatum cum est similique ab amet. Voluptas ipsa incidunt eum. Ut iste accusantium eos suscipit veniam adipisci optio. Eum veniam maxime porro earum quia.','1982-07-18 01:12:07'),(67,111,111,'Nostrum quasi impedit est temporibus esse nemo perspiciatis. Ipsam omnis odio expedita rem. Blanditiis blanditiis voluptatibus totam fugiat. Nam minus sint voluptatibus qui. Rerum explicabo quia dolorem nulla recusandae qui dolor.','1988-08-11 18:51:53'),(68,112,112,'Beatae sit et facere enim eos dolore. Non aspernatur consequuntur possimus temporibus. Ex qui dolorum officia placeat. Laboriosam dolores molestias maiores doloremque.','1992-04-06 19:35:29'),(69,116,116,'Ratione enim possimus voluptatem consectetur nostrum alias. Sapiente ducimus asperiores officiis dolore quos expedita.','2004-06-09 11:09:25'),(70,117,117,'Ea laudantium vero magni facilis. Rerum ut et rem ut eaque. Voluptatem quidem possimus a qui eaque. Dolor dolorum ut tenetur placeat nihil repellendus non.','1977-12-24 08:28:31'),(71,118,118,'Aliquid labore est ut blanditiis est ipsam. Consequuntur aut ducimus dolores dolorem ut. Ea exercitationem rem qui aut quia laboriosam. Exercitationem aut praesentium quis quod.','2007-01-17 14:33:11'),(72,119,119,'Est sequi eum numquam enim explicabo porro magni eos. Labore enim sunt temporibus modi eius cumque. Consequatur consectetur laudantium earum aut consequatur.','2019-06-06 21:01:00'),(73,121,121,'Quidem et eos laborum accusantium. Perferendis et odio enim. Numquam quae reiciendis magnam suscipit doloribus. Odit incidunt itaque ut.','1978-06-18 18:16:38'),(74,122,122,'Deleniti quas nesciunt iusto quo. Laborum earum nihil aut. Fugit fuga voluptate corporis eaque et et ipsam. Eveniet doloribus iste alias facilis aliquam. Sed repellendus inventore aut similique totam nam.','2009-05-21 11:55:15'),(75,124,124,'Veritatis accusamus sed eveniet in pariatur. Dolor optio eum accusantium est. Pariatur et necessitatibus minima fuga rerum. Ducimus officiis autem tempora est sunt.','1986-03-22 13:40:51'),(76,125,125,'Voluptas sunt et hic tenetur. Ut et aspernatur nobis facilis. Quo suscipit sint quae aperiam quaerat.','1979-04-23 14:28:42'),(77,130,130,'Nesciunt laboriosam iusto a perspiciatis perspiciatis neque incidunt. Qui sit illo voluptas explicabo est quasi odit. Inventore quia quam aut eum et est.','2021-03-18 15:56:15'),(78,131,131,'Animi architecto culpa est quia ratione. Voluptatem iusto sed quaerat incidunt. Et nihil fugit delectus qui.','2013-07-01 10:43:59'),(79,132,132,'Mollitia maiores dignissimos facere ut adipisci quia. Laudantium at numquam atque neque rerum delectus. Autem asperiores tenetur at iure ut officia illo ut.','2019-06-02 05:22:11'),(80,133,133,'Rerum rerum dicta et placeat et sunt sunt. Et repellendus consequatur sunt temporibus est repudiandae debitis. Quia aut aut rerum in.','2007-09-29 16:21:05'),(81,134,134,'Voluptatum amet ut veniam. Quasi omnis ipsa cum ut blanditiis. Sunt voluptatem optio illo voluptatem maiores consectetur quam voluptatum. Sunt minus ut modi repellat sint deleniti ex fugiat.','1988-01-15 20:34:40'),(82,135,135,'Quod quisquam minima praesentium dolor eligendi. Sit explicabo quaerat quisquam corrupti qui odit. Laborum harum facilis quas blanditiis sunt totam sequi.','1979-12-25 20:53:45'),(83,136,136,'Magnam aut velit est ab ut. Quaerat earum asperiores voluptas quis nulla repudiandae. In id pariatur eligendi veniam mollitia ad. Cupiditate aut officiis itaque asperiores.','1997-07-09 12:27:41'),(84,139,139,'Vel eum est eos sequi quis aliquid. Id dolor earum qui voluptatibus voluptatem.','1983-07-15 16:58:27'),(85,144,144,'Impedit reprehenderit veniam ex. Temporibus perspiciatis ut quaerat at autem laboriosam.','2000-07-27 23:30:54'),(86,145,145,'Qui odio ut voluptates et rerum enim quis ut. Vel commodi cupiditate vitae sunt sed modi sit. Minus corrupti voluptates ut consequatur ut.','2001-11-29 18:03:01'),(87,147,147,'Reprehenderit dolores quo nobis dolores minima id. Quo aliquid consequatur dolores eaque aliquid consequatur. Dolores eos velit adipisci ab molestiae rem.','1990-06-12 10:51:35'),(88,149,149,'Sequi excepturi quisquam aut excepturi quo quibusdam enim. Adipisci ea sed aperiam occaecati. Ea qui est quia sit dolores. Tenetur corrupti veniam ut ipsam quibusdam debitis sed.','1970-04-04 13:27:24'),(89,150,150,'Quis eaque laboriosam asperiores et harum veniam distinctio. Assumenda tempore quibusdam culpa doloribus. Eius sapiente et officiis exercitationem. Placeat similique molestiae laboriosam labore. Repudiandae in facilis in tempora.','1986-10-23 03:04:23'),(90,155,155,'Quaerat asperiores dolores delectus. Ad enim dicta ratione adipisci ab. Rem molestiae aut velit enim. Tempore voluptates voluptatem pariatur sit ducimus quibusdam nesciunt.','1976-05-25 06:51:49'),(91,156,156,'Laudantium totam aut nulla modi at aut libero laborum. Repellendus officiis rerum culpa. Suscipit qui in aut a fugit.','1984-04-24 14:40:58'),(92,157,157,'Odio sed labore dolore sunt. Dolore sed officiis ad tempore accusantium. Qui ea consectetur necessitatibus quia ea. Voluptatibus iusto rem nemo culpa rerum.','1982-12-05 20:08:56'),(93,158,158,'Recusandae et sit laborum qui incidunt asperiores quia fugit. Voluptatem necessitatibus voluptates et soluta et consequuntur reprehenderit. Vel eos molestiae natus dignissimos. Amet odio qui enim ratione culpa quod eos.','1979-05-29 01:54:34'),(94,159,159,'Consequuntur accusantium vel culpa delectus consectetur ratione. Error minus aut delectus aspernatur ipsa. Exercitationem vero ut aut ducimus. Dolorem quasi enim qui harum quos perferendis qui.','2005-11-20 15:18:44'),(95,160,160,'Blanditiis architecto iure vel consequatur quis sed accusantium. Voluptates et facilis sit culpa nihil. Doloribus totam tempora ut qui quod.','1991-08-26 10:33:09'),(96,161,161,'Nihil est nihil adipisci quia illo voluptate qui. Quia dolorum fugit quas incidunt magni saepe vel praesentium. Cupiditate quia quidem consequuntur. Ipsum recusandae repellat natus aut.','2003-09-15 17:33:12'),(97,162,162,'Aperiam corporis minus numquam aliquid sed tempore labore. Ea dolore voluptates voluptas nisi ea at repellendus nihil. Mollitia qui ut dolores totam. Blanditiis maxime et recusandae neque eveniet.','1994-02-09 21:38:02'),(98,163,163,'Minus eveniet aspernatur non consequuntur corporis non. Temporibus officia dolorem numquam et voluptate consequuntur. Quae explicabo fuga distinctio ut.','1981-02-09 07:31:39'),(99,164,164,'Et dolorum magni harum. Quidem officiis rem qui praesentium quo sunt quos error. Quis est quo necessitatibus. Ea ut soluta assumenda vitae.','2001-07-08 00:38:12'),(100,167,167,'Quod occaecati nobis voluptates voluptatem molestias. Sed ut quia ad. Et voluptas ut fugiat. Autem non quis aut fugiat cumque.','2009-07-31 19:15:09');
/*!40000 ALTER TABLE `messages` ENABLE KEYS */;
UNLOCK TABLES;

--
-- Table structure for table `photo_albums`
--

DROP TABLE IF EXISTS `photo_albums`;
/*!40101 SET @saved_cs_client     = @@character_set_client */;
/*!40101 SET character_set_client = utf8 */;
CREATE TABLE `photo_albums` (
  `id` bigint(20) unsigned NOT NULL AUTO_INCREMENT,
  `name` varchar(255) COLLATE utf8mb4_unicode_ci DEFAULT NULL,
  `user_id` bigint(20) unsigned DEFAULT NULL,
  PRIMARY KEY (`id`),
  UNIQUE KEY `id` (`id`),
  KEY `user_id` (`user_id`),
  CONSTRAINT `photo_albums_ibfk_1` FOREIGN KEY (`user_id`) REFERENCES `users` (`id`)
) ENGINE=InnoDB AUTO_INCREMENT=51 DEFAULT CHARSET=utf8mb4 COLLATE=utf8mb4_unicode_ci;
/*!40101 SET character_set_client = @saved_cs_client */;

--
-- Dumping data for table `photo_albums`
--

LOCK TABLES `photo_albums` WRITE;
/*!40000 ALTER TABLE `photo_albums` DISABLE KEYS */;
INSERT INTO `photo_albums` VALUES (1,'aspernatur',101),(2,'magni',102),(3,'et',103),(4,'ut',104),(5,'sunt',105),(6,'rem',107),(7,'sequi',110),(8,'atque',111),(9,'at',112),(10,'totam',116),(11,'facere',117),(12,'blanditiis',118),(13,'vitae',119),(14,'fugit',121),(15,'optio',122),(16,'consequatur',124),(17,'illo',125),(18,'atque',130),(19,'illo',131),(20,'doloribus',132),(21,'soluta',133),(22,'aliquid',134),(23,'vel',135),(24,'dolorum',136),(25,'voluptatem',139),(26,'doloremque',144),(27,'quod',145),(28,'earum',147),(29,'sunt',149),(30,'incidunt',150),(31,'occaecati',155),(32,'quia',156),(33,'minima',157),(34,'dolore',158),(35,'molestiae',159),(36,'quas',160),(37,'sit',161),(38,'vero',162),(39,'eum',163),(40,'amet',164),(41,'laboriosam',167),(42,'hic',168),(43,'nobis',169),(44,'ratione',170),(45,'est',171),(46,'alias',173),(47,'occaecati',177),(48,'alias',178),(49,'autem',179),(50,'illo',180);
/*!40000 ALTER TABLE `photo_albums` ENABLE KEYS */;
UNLOCK TABLES;

--
-- Table structure for table `photos`
--

DROP TABLE IF EXISTS `photos`;
/*!40101 SET @saved_cs_client     = @@character_set_client */;
/*!40101 SET character_set_client = utf8 */;
CREATE TABLE `photos` (
  `id` bigint(20) unsigned NOT NULL AUTO_INCREMENT,
  `album_id` bigint(20) unsigned DEFAULT NULL,
  `media_id` bigint(20) unsigned NOT NULL,
  UNIQUE KEY `id` (`id`),
  KEY `album_id` (`album_id`),
  KEY `media_id` (`media_id`),
  CONSTRAINT `photos_ibfk_1` FOREIGN KEY (`album_id`) REFERENCES `photo_albums` (`id`),
  CONSTRAINT `photos_ibfk_2` FOREIGN KEY (`media_id`) REFERENCES `media` (`id`)
) ENGINE=InnoDB AUTO_INCREMENT=151 DEFAULT CHARSET=utf8mb4 COLLATE=utf8mb4_unicode_ci;
/*!40101 SET character_set_client = @saved_cs_client */;

--
-- Dumping data for table `photos`
--

LOCK TABLES `photos` WRITE;
/*!40000 ALTER TABLE `photos` DISABLE KEYS */;
INSERT INTO `photos` VALUES (1,1,1),(2,2,2),(3,3,3),(4,4,4),(5,5,5),(6,6,6),(7,7,7),(8,8,8),(9,9,9),(10,10,10),(11,11,11),(12,12,12),(13,13,13),(14,14,14),(15,15,15),(16,16,16),(17,17,17),(18,18,18),(19,19,19),(20,20,20),(21,21,21),(22,22,22),(23,23,23),(24,24,24),(25,25,25),(26,26,26),(27,27,27),(28,28,28),(29,29,29),(30,30,30),(31,31,31),(32,32,32),(33,33,33),(34,34,34),(35,35,35),(36,36,36),(37,37,37),(38,38,38),(39,39,39),(40,40,40),(41,41,41),(42,42,42),(43,43,43),(44,44,44),(45,45,45),(46,46,46),(47,47,47),(48,48,48),(49,49,49),(50,50,50),(51,1,51),(52,2,52),(53,3,53),(54,4,54),(55,5,55),(56,6,56),(57,7,57),(58,8,58),(59,9,59),(60,10,60),(61,11,61),(62,12,62),(63,13,63),(64,14,64),(65,15,65),(66,16,66),(67,17,67),(68,18,68),(69,19,69),(70,20,70),(71,21,71),(72,22,72),(73,23,73),(74,24,74),(75,25,75),(76,26,76),(77,27,77),(78,28,78),(79,29,79),(80,30,80),(81,31,81),(82,32,82),(83,33,83),(84,34,84),(85,35,85),(86,36,86),(87,37,87),(88,38,88),(89,39,89),(90,40,90),(91,41,91),(92,42,92),(93,43,93),(94,44,94),(95,45,95),(96,46,96),(97,47,97),(98,48,98),(99,49,99),(100,50,100),(101,1,1),(102,2,2),(103,3,3),(104,4,4),(105,5,5),(106,6,6),(107,7,7),(108,8,8),(109,9,9),(110,10,10),(111,11,11),(112,12,12),(113,13,13),(114,14,14),(115,15,15),(116,16,16),(117,17,17),(118,18,18),(119,19,19),(120,20,20),(121,21,21),(122,22,22),(123,23,23),(124,24,24),(125,25,25),(126,26,26),(127,27,27),(128,28,28),(129,29,29),(130,30,30),(131,31,31),(132,32,32),(133,33,33),(134,34,34),(135,35,35),(136,36,36),(137,37,37),(138,38,38),(139,39,39),(140,40,40),(141,41,41),(142,42,42),(143,43,43),(144,44,44),(145,45,45),(146,46,46),(147,47,47),(148,48,48),(149,49,49),(150,50,50);
/*!40000 ALTER TABLE `photos` ENABLE KEYS */;
UNLOCK TABLES;

--
-- Table structure for table `profiles`
--

DROP TABLE IF EXISTS `profiles`;
/*!40101 SET @saved_cs_client     = @@character_set_client */;
/*!40101 SET character_set_client = utf8 */;
CREATE TABLE `profiles` (
  `user_id` bigint(20) unsigned NOT NULL,
  `gender` char(1) COLLATE utf8mb4_unicode_ci DEFAULT NULL,
  `birthday` date DEFAULT NULL,
  `photo_id` bigint(20) unsigned DEFAULT NULL,
  `created_at` datetime DEFAULT current_timestamp(),
  `hometown` varchar(100) COLLATE utf8mb4_unicode_ci DEFAULT NULL,
  UNIQUE KEY `user_id` (`user_id`),
  CONSTRAINT `fk_user_id` FOREIGN KEY (`user_id`) REFERENCES `users` (`id`) ON DELETE NO ACTION ON UPDATE CASCADE
) ENGINE=InnoDB DEFAULT CHARSET=utf8mb4 COLLATE=utf8mb4_unicode_ci;
/*!40101 SET character_set_client = @saved_cs_client */;

--
-- Dumping data for table `profiles`
--

LOCK TABLES `profiles` WRITE;
/*!40000 ALTER TABLE `profiles` DISABLE KEYS */;
INSERT INTO `profiles` VALUES (101,NULL,'1993-02-20',1,'1988-02-02 05:02:27',NULL),(102,NULL,'1996-10-01',2,'1996-05-02 03:34:36',NULL),(103,NULL,'1974-02-24',3,'1987-05-10 23:19:19',NULL),(104,NULL,'2018-08-11',4,'1974-11-28 11:52:09',NULL),(105,NULL,'1988-10-07',5,'1972-10-17 19:58:35',NULL),(107,NULL,'1970-05-14',6,'2005-12-12 03:25:01',NULL),(110,NULL,'2002-04-08',7,'2006-04-13 11:23:34',NULL),(111,NULL,'2011-03-30',8,'1994-11-15 11:27:14',NULL),(112,NULL,'1982-08-19',9,'1991-11-27 14:16:10',NULL),(116,NULL,'2004-05-16',10,'2008-10-26 17:08:43',NULL),(117,NULL,'1981-08-20',11,'2013-03-04 19:45:11',NULL),(118,NULL,'2000-09-13',12,'2015-01-16 11:44:42',NULL),(119,NULL,'2010-05-05',13,'1977-01-23 13:32:16',NULL),(121,NULL,'1974-01-29',14,'2008-01-02 17:09:16',NULL),(122,NULL,'2007-01-18',15,'1976-02-09 21:15:31',NULL),(124,NULL,'1982-05-28',16,'1970-03-11 03:55:01',NULL),(125,NULL,'1985-09-18',17,'2019-08-14 23:43:14',NULL),(130,NULL,'1983-04-23',18,'2021-01-08 18:56:34',NULL),(131,NULL,'1992-04-30',19,'1977-07-19 06:15:23',NULL),(132,NULL,'2018-07-06',20,'1991-04-19 14:26:57',NULL),(133,NULL,'1998-03-27',21,'2005-07-22 00:26:18',NULL),(134,NULL,'2019-10-05',22,'1993-12-08 19:21:08',NULL),(135,NULL,'2016-02-23',23,'1977-08-01 09:51:38',NULL),(136,NULL,'1989-05-01',24,'1999-07-20 17:12:18',NULL),(139,NULL,'2018-06-06',25,'1974-02-19 11:18:52',NULL),(144,NULL,'2008-07-07',26,'2018-02-15 13:29:28',NULL),(145,NULL,'2017-02-07',27,'1971-07-14 06:59:57',NULL),(147,NULL,'2020-05-21',28,'1981-02-28 15:08:03',NULL),(149,NULL,'2015-11-29',29,'1972-06-25 22:44:45',NULL),(150,NULL,'2012-01-20',30,'1972-07-16 10:35:58',NULL),(155,NULL,'1999-12-09',31,'1974-08-27 04:30:31',NULL),(156,NULL,'1984-02-22',32,'2003-05-26 01:32:31',NULL),(157,NULL,'1979-10-05',33,'1979-08-02 11:17:23',NULL),(158,NULL,'1973-07-02',34,'1993-09-10 19:24:57',NULL),(159,NULL,'2017-08-23',35,'1990-07-15 18:11:02',NULL),(160,NULL,'1974-10-31',36,'1974-12-14 12:26:01',NULL),(161,NULL,'1982-12-21',37,'2004-02-18 06:53:49',NULL),(162,NULL,'1982-11-22',38,'2012-02-21 13:59:46',NULL),(163,NULL,'1979-04-26',39,'2017-11-03 11:14:52',NULL),(164,NULL,'1984-10-31',40,'1999-01-25 04:24:52',NULL),(167,NULL,'2007-02-09',41,'1997-06-30 08:35:46',NULL),(168,NULL,'1970-05-19',42,'1979-09-14 02:06:43',NULL),(169,NULL,'2010-06-11',43,'2010-11-23 12:11:03',NULL),(170,NULL,'2003-11-04',44,'2015-10-01 07:08:35',NULL),(171,NULL,'1976-06-01',45,'2006-03-01 03:24:20',NULL),(173,NULL,'1977-11-27',46,'1992-01-16 05:45:20',NULL),(177,NULL,'1986-02-20',47,'1997-08-08 23:17:23',NULL),(178,NULL,'2019-02-16',48,'1999-07-31 02:40:08',NULL),(179,NULL,'1999-08-12',49,'2015-10-18 11:05:33',NULL),(180,NULL,'2005-03-02',50,'2007-04-25 21:18:11',NULL),(181,NULL,'1972-01-10',51,'1988-11-10 22:57:32',NULL),(183,NULL,'2017-02-28',52,'1993-01-10 18:55:00',NULL),(184,NULL,'2016-10-05',53,'1990-12-08 11:35:03',NULL),(192,NULL,'1997-12-26',54,'1991-03-18 01:48:23',NULL),(193,NULL,'1997-01-23',55,'1995-06-09 02:37:42',NULL),(195,NULL,'1980-12-02',56,'1977-04-04 23:43:03',NULL),(198,NULL,'1982-12-23',57,'1996-10-13 16:40:13',NULL),(199,NULL,'1989-10-24',58,'1971-08-18 05:32:56',NULL),(200,NULL,'2002-07-27',59,'2002-08-04 03:02:56',NULL);
/*!40000 ALTER TABLE `profiles` ENABLE KEYS */;
UNLOCK TABLES;

--
-- Table structure for table `users`
--

DROP TABLE IF EXISTS `users`;
/*!40101 SET @saved_cs_client     = @@character_set_client */;
/*!40101 SET character_set_client = utf8 */;
CREATE TABLE `users` (
  `id` bigint(20) unsigned NOT NULL AUTO_INCREMENT,
  `firstname` varchar(50) COLLATE utf8mb4_unicode_ci DEFAULT NULL,
  `lastname` varchar(50) COLLATE utf8mb4_unicode_ci DEFAULT NULL COMMENT '???????',
  `email` varchar(120) COLLATE utf8mb4_unicode_ci DEFAULT NULL,
  `password_hash` varchar(100) COLLATE utf8mb4_unicode_ci DEFAULT NULL,
  `phone` bigint(20) unsigned DEFAULT NULL,
  PRIMARY KEY (`id`),
  UNIQUE KEY `email` (`email`),
  UNIQUE KEY `phone` (`phone`),
  KEY `users_firstname_lastname_idx` (`firstname`,`lastname`)
) ENGINE=InnoDB AUTO_INCREMENT=201 DEFAULT CHARSET=utf8mb4 COLLATE=utf8mb4_unicode_ci COMMENT='?????';
/*!40101 SET character_set_client = @saved_cs_client */;

--
-- Dumping data for table `users`
--

LOCK TABLES `users` WRITE;
/*!40000 ALTER TABLE `users` DISABLE KEYS */;
INSERT INTO `users` VALUES (101,'Adam','Quigley','emie22@example.org','a59c581fb96916f279c7651105f523f058815c0c',1),(102,'Brycen','Weber','monica.ortiz@example.org','2c86d39cf9e1f243d2525d39e34db202654eea03',0),(103,'Cristobal','Buckridge','schaden.arianna@example.com','5c4462a0d0cc62e59a8fe5d43312e782fc6512c0',201047),(104,'Amina','Zieme','anderson84@example.com','7702cec6b4225c26949c21a01320e27682c9af01',107132),(105,'Myrtis','Bogan','wsawayn@example.org','c80629108f006cdd213fdbdf74650533fb775edf',541),(107,'Stanford','Gislason','trisha11@example.org','a9fbc071cf3714710bb8979c2506c4cdad7f491f',423),(110,'Laron','Deckow','hcole@example.org','9ee80936c58e05889eb95c76671cb67087a96998',108112),(111,'Maryam','Harvey','emery96@example.com','17092a182fd303bca230fd69b005b234240f1a13',294),(112,'Kassandra','Maggio','ulices.harber@example.org','b1846623f4ab7e5219a508685c1657cae0d0210f',188998),(116,'Adah','Ankunding','vrutherford@example.org','269151289e27a6e7aef07932cf740b5c2b6b92b2',7907055521),(117,'Shirley','Christiansen','purdy.rusty@example.org','0affc845f6d8ccc9999a959f7086f725a291026a',863527),(118,'Susana','Nicolas','ttillman@example.net','e24f148a4220dfef5d6371bcd089975a076d9b7d',482),(119,'Preston','Schinner','corkery.caden@example.org','6e5701e7c9b04071c7d68a596943ea5aee6a1898',499),(121,'Imani','Denesik','anjali.orn@example.com','f70556521d7ecf69c1ff9defedc4d93d01dc3d1a',4639574849),(122,'Armando','Bartoletti','shanahan.bettye@example.com','07e8ffddb1c7e0d100d85aa2bc273a06d8dbe52c',54),(124,'Kraig','Trantow','delbert.schuster@example.net','ecbe8167f56916cfa592630341c4c8c9745ebf13',20),(125,'Heidi','Weber','nitzsche.ida@example.net','9ca6a544c0155aa56cfa962b202b0bf39a87aab6',4761),(130,'Helmer','Spencer','sernser@example.com','7ac196f6357bb56c8c5cdebe1238dcabe8f2a084',297),(131,'Filomena','Bogisich','watsica.emmet@example.net','cf1d97b18b5c889c215bd5f137caf4afe91a66c0',301),(132,'Kade','Ruecker','lgoyette@example.net','e5e8628289c552ca92d76b4bf15a9bd537fdc1b3',789641),(133,'Tess','Rogahn','pcarter@example.org','271612c5ab4c9d4021cb49b5d1c2ac7b193e9e49',744771),(134,'Alicia','Kreiger','marge89@example.org','f52dd4f2b602f26b17e14654a6e6e3d2c3da086d',732445),(135,'Drew','McCullough','cara17@example.org','36ea8fba339c6cc09bfcc597f6c4fe9f3151a3ba',690),(136,'Stevie','Rath','jordan.mertz@example.com','d3e015e4310ceb521b22ba3306888f535cd72810',5591542978),(139,'Sharon','Lemke','annamae34@example.com','d13c176863437a253e86c9482d2264e833d75cd1',943),(144,'Tavares','Volkman','dkertzmann@example.net','7176d66f9c7cb1a915175bb15f6db44a8d83062a',781),(145,'Bret','Rempel','samson15@example.net','f3e69ef5a05185c377513806ef83e04754f31014',437),(147,'Shayne','Rosenbaum','yryan@example.org','d3c8ff28796722c787d97c8214aa73cf01ef054e',677),(149,'Mae','Prohaska','lindgren.ahmad@example.net','e5e992e81fd813888a1527e1458b433ca4c16f2f',391),(150,'Ona','Beier','hermina52@example.net','cf61908a7a4bfcf6eb90e87e813376484dab0ae2',43),(155,'Simeon','Kirlin','fpollich@example.net','b3943b7d4449d8c706a35944365be56b8f9ec871',625133),(156,'Arely','Gulgowski','jeffrey73@example.org','4cd6994cf880b2b42c5947151b7379cad4a8e98b',440),(157,'Vivienne','Rosenbaum','aniya.bradtke@example.net','4d759ee6a8eadcfa27e9d04ff2da7435f7d929a4',23),(158,'Monte','Larson','ralph.russel@example.com','5363f9a561c3f66b24ea726672c827b9f1e027a2',16),(159,'Terry','Gerhold','barton.jaiden@example.com','5752c310efc36c587ef119b442bb1cbdd92edeb2',362657),(160,'Ally','Effertz','zulauf.melisa@example.com','238f2381f2a629cc5afb6b9a548d494dbf455445',77),(161,'Marilie','DuBuque','salma.emard@example.com','7b1bf289ddd24975e0fc0a0828e0151c42150055',583183232),(162,'Jayne','Graham','sonya.mueller@example.org','42980b0e1f16f8232920b2e94f76f225cbc2471f',946527),(163,'Emily','Rogahn','leonard.schaden@example.org','dec38d7621fe4c3f301231a1f54ab3bd0911a9aa',652),(164,'Troy','Goodwin','sberge@example.com','eb432736950ffe46eb3684e94c8ff5ab1d4a4e6e',204),(167,'Emelia','Carroll','stark.elyse@example.com','bbf22f0b5b9bcc9708cb2274684d4632afd72c62',73),(168,'Elouise','Goodwin','abernathy.ebony@example.org','dec57bafd44c082ce6254f6c15f3befe20209271',627),(169,'Bertha','Koch','hauck.greta@example.net','e23b972a4916c8573cd23ddb79d5f3fcdeb3b4d3',623026),(170,'Frank','Heidenreich','murazik.korey@example.org','8845a4f9d6d7369f00e16f47b938db001e45fb95',971082),(171,'Lennie','Toy','aletha13@example.net','d693344e2c3b55bd067704efb929524d1ba85bec',1284889518),(173,'Kristin','Hagenes','winfield50@example.com','beb1e9324d3c0c0645020dfdea0550f2d3eab690',670),(177,'Tommie','Watsica','auer.hal@example.net','7c980810658efc173e66ca9596bdceddd68d9063',612),(178,'Carlos','Greenfelder','gibson.sonia@example.net','069f39cbaa1fcf54de48552bdde093f8394f4354',619931),(179,'Octavia','Russel','augustine94@example.org','132e05798a9f185cf195b1565b963f984f590b1f',521),(180,'Chris','Zboncak','eondricka@example.org','350a6ab241f47a544db272f963a0ed404d100634',7632593636),(181,'Nellie','Keebler','lang.keagan@example.org','c5d4c9d480876437f333d071ea4700d27d010289',31),(183,'Geovany','Skiles','zschroeder@example.net','b3b6a80fe00d96e4d64958846366bc458db4f0d0',103238),(184,'Pauline','Nikolaus','domenick.leannon@example.com','783c9768a6a8d111cb4bbdb090e11d6c99b74323',609703),(192,'Vada','Bauch','rosalia83@example.org','923f158287f5321bca0754435fe52b78739149e7',2854161961),(193,'Amiya','Gleason','syble78@example.org','b0496d64e71a9fdc36f5ec88c63fb8019066f398',959438),(195,'Ola','Rau','showe@example.net','e4d997a28ffb409dc8d77c5dcc208521a9d456dc',812),(198,'Hazel','Dibbert','xpadberg@example.com','a927ab014002199a4c1afba5e6505d616c6781ab',12587),(199,'Aaliyah','Mueller','dena23@example.org','2cd3074ea2808c41345560cf032f3da0ebed0234',970),(200,'Russell','Hermiston','mallory37@example.com','f885a4ed0c39e1a940cd0360e666d7d076890161',47);
/*!40000 ALTER TABLE `users` ENABLE KEYS */;
UNLOCK TABLES;

--
-- Table structure for table `users_communities`
--

DROP TABLE IF EXISTS `users_communities`;
/*!40101 SET @saved_cs_client     = @@character_set_client */;
/*!40101 SET character_set_client = utf8 */;
CREATE TABLE `users_communities` (
  `user_id` bigint(20) unsigned NOT NULL,
  `community_id` bigint(20) unsigned NOT NULL,
  PRIMARY KEY (`user_id`,`community_id`),
  KEY `community_id` (`community_id`),
  CONSTRAINT `users_communities_ibfk_1` FOREIGN KEY (`user_id`) REFERENCES `users` (`id`),
  CONSTRAINT `users_communities_ibfk_2` FOREIGN KEY (`community_id`) REFERENCES `communities` (`id`)
) ENGINE=InnoDB DEFAULT CHARSET=utf8mb4 COLLATE=utf8mb4_unicode_ci;
/*!40101 SET character_set_client = @saved_cs_client */;

--
-- Dumping data for table `users_communities`
--

LOCK TABLES `users_communities` WRITE;
/*!40000 ALTER TABLE `users_communities` DISABLE KEYS */;
INSERT INTO `users_communities` VALUES (101,1),(101,60),(102,2),(102,61),(103,3),(103,62),(104,4),(104,63),(105,5),(105,64),(107,6),(107,65),(110,7),(110,66),(111,8),(111,67),(112,9),(112,68),(116,10),(116,69),(117,11),(117,70),(118,12),(118,71),(119,13),(119,72),(121,14),(121,73),(122,15),(122,74),(124,16),(124,75),(125,17),(125,76),(130,18),(130,77),(131,19),(131,78),(132,20),(132,79),(133,21),(133,80),(134,1),(134,22),(135,2),(135,23),(136,3),(136,24),(139,4),(139,25),(144,5),(144,26),(145,6),(145,27),(147,7),(147,28),(149,8),(149,29),(150,9),(150,30),(155,10),(155,31),(156,11),(156,32),(157,12),(157,33),(158,13),(158,34),(159,14),(159,35),(160,15),(160,36),(161,16),(161,37),(162,17),(162,38),(163,18),(163,39),(164,19),(164,40),(167,20),(167,41),(168,42),(169,43),(170,44),(171,45),(173,46),(177,47),(178,48),(179,49),(180,50),(181,51),(183,52),(184,53),(192,54),(193,55),(195,56),(198,57),(199,58),(200,59);
/*!40000 ALTER TABLE `users_communities` ENABLE KEYS */;
UNLOCK TABLES;
/*!40103 SET TIME_ZONE=@OLD_TIME_ZONE */;

/*!40101 SET SQL_MODE=@OLD_SQL_MODE */;
/*!40014 SET FOREIGN_KEY_CHECKS=@OLD_FOREIGN_KEY_CHECKS */;
/*!40014 SET UNIQUE_CHECKS=@OLD_UNIQUE_CHECKS */;
/*!40101 SET CHARACTER_SET_CLIENT=@OLD_CHARACTER_SET_CLIENT */;
/*!40101 SET CHARACTER_SET_RESULTS=@OLD_CHARACTER_SET_RESULTS */;
/*!40101 SET COLLATION_CONNECTION=@OLD_COLLATION_CONNECTION */;
/*!40111 SET SQL_NOTES=@OLD_SQL_NOTES */;

-- Dump completed on 2021-05-31  9:06:34
